source,record_id,item_ts,url,title,snippet,baseline_label
company_articles,547c8f9f-f59f-4a23-ac71-9e5b6a795b9b,2026-04-02 16:11:00+00:00,https://news.google.com/rss/articles/CBMiwgFBVV95cUxNRDlfMF9ZMkVkcWRHYlBfRHB3R0dNVlFuTS16bmotd2RnZHZpYVMzc2Vsb3NNWC0yM3M4Y3RPRG1hb3A3b1ZYa3BEMnZjeDBwVi1ROEFSb1g2MGlPOUtPSlNZam1nd0VTRzNrTHktSUtPcEcwTWFZZE03eDJPeV9fdm5QaHRoSlhCcW5WTUtYMkV2N2ZqanBfc0ZQazhKeVB1WDNEeTF4WDBYdXRtMkpmUUlRc2l4RUV5TmxMUnRYOHZOdw?oc=5,"Boston College baseball teammates Mudd, Gallo, share a Shrewsbury bond - Worcester Telegram",,neutral
company_articles,b188b54b-a1a9-4431-a268-7409abe4751c,2026-04-02 20:53:27+00:00,https://news.google.com/rss/articles/CBMi4gFBVV95cUxPbUpFdzU1VU9tZWRESEFwcDVHb1BvT09Wa3NOWVB1VjFKaUdmQ3FmeU1vOWx5OHlxcm55b19hRkV2Mkx6RU80QmtWeDI4dTI2czJRN05WQUpXVHJXNnRVblY3c2I3Vmd6VGlyaFZuaF9xTDZoTFZleXU4WTZxa2x5d2drOThTdjZqYWhEMUJxZE9zX3hFNXpFX0M0YXdoMFJWNjdVVnZ4RHhEWnVYN1FyY3lsZVRYUjdpUXpZd3VfYjZrU1A1RzUwN2xHTjNLX3d2NGxCTDNaZ3UzdHZRQWdWak13?oc=5,DaVita Inc. stock underperforms Thursday when compared to competitors - MSN,,neutral
company_articles,59d5ddc2-f9a9-4991-8ba0-1c0101b737cd,2026-04-02 14:04:57+00:00,https://news.google.com/rss/articles/CBMiswFBVV95cUxQUGU2cUVVa0ZzdDdtYjVaYlRWUXJSZVpLTUdmV2pVUGtIRkpBQnJqbTFPQTd6UUhpS2pjOHlMSk1xbnpRUGVONElDazFTTWRQbF9PcldlS0JqMWx2eUFIcGUzZEJJY2xhN3RCRUNBR0NaOWpudEt0NzNhdEQxZnM2MEJDNjV5blk3WFZzTHl5c0p1TEE4OGhMaHk3TEZxV1FtM3MzR18yaGhCZWJxRFdTTnRBSQ?oc=5,"Fanatics Collectibles, NFL and NFLPA Announce Multi-Year Licensing Deal - Fanatics Inc",,neutral
company_articles,b25a537a-880f-486f-821c-854ee0d81918,2026-04-07 20:46:00+00:00,https://news.google.com/rss/articles/CBMi3wFBVV95cUxOQ3Z6TnA0ZUpiZ3FyM2cwTkZwc3ZES0hMaXdvVU9Jdmh2dVJfZ3FPdVZkQmtmM1hZc1pSc0hfX0tuTC0xMEFYZWw3ekI1NEJpdGhIUU9Sa1JremhaUy11YkFPNTlXX2dIZVZHTEM5YVZCN3hodWxUOEFiWHMwd2RKWU5ibTNadlhkbEFhNnA5dkRxeXBIVVNxZzBFeGQwdmhfM2Vic2RlZERxUUM5Q0ZudWIyQnB4c2h3V25VaXczanFCajlVVjUwS3g2RDdiVG5pWGVlV3VrWHh5YlhMZ0dR?oc=5,"Oil market still extremely tight even if future markets are down, says Bank of America's Francisco Blanch - CNBC",,neutral
company_articles,54ae3b1d-5f6b-448e-a73e-5f6c6db6e546,2026-04-02 21:50:00+00:00,https://news.google.com/rss/articles/CBMiakFVX3lxTE9pcUR3TzVOWDZHNFJlQzRKTmkxSVhQU2NWWHprcjU5Y25JXzhLM0VwOExvU3RHbUJDbkdwNEZZVmxSdkRXZDVvajNHcHF3ODJUQkppSkwtNWlDMHhKbEg2a1c3QXVfNWFTZnfSAWpBVV95cUxPaXFEd081Tlg2RzRSZUM0Sk5pMUlYUFNjVlh6a3I1OWNuSV84SzNFcDhMb1N0R21CQ25HcDRGWVZsUnZEV2Q1b2ozR3BxdzgyVEJKaUpMLTVpQzB4SmxINmtXN0F1XzVhU2Z3?oc=5,Carpenter Technology Confronts Limited Safety Buffer Even With Unprecedented Margins Fueled by Aerospace Sector - bitget.com,,positive
company_articles,744e61bb-8c99-4513-84a6-9122fecf4e1e,2026-03-29 11:17:28+00:00,https://news.google.com/rss/articles/CBMizAFBVV95cUxOSGZIV3hXbUxPc2ViZG1NQ0RBZHRjcmgtUThYVzlabDVGOUFVUHpCa3pnai1nd3VxZC1wWWo2RWZCVVEtOEVrTWtiT2s1eVBWNFRXRndCc25nRm1ZdFA3a25adWdsa0tpdzFseVhMT2hQMFN4ZjBGdVNqTGxrLTRUYngwRm1LdS1ud3JIdlFEbHlhNzBTbXkyem9HeGNmZDkwMHlPRThvS2o0N0NuWTYyWmlfZnh0dzhVRnB0RHB6VW9qQWVSSkxIeTNiSnfSAcwBQVVfeXFMTkhmSFd4V21MT3NlYmRtTUNEQWR0Y3JoLVE4WFc5Wmw1RjlBVVB6Qmt6Z2otZ3d1cWQtcFlqNkVmQlVRLThFa01rYk9rNXlQVjRUV0Z3QnNuZ0ZtWXRQN2tuWnVnbGtLaXcxbHlYTE9oUDBTeGYwRnVTakxsay00VGJ4MEZtS3UtbndySHZRRGx5YTcwU215MnpvR3hjZmQ5MDB5T0U4b0tqNDdDblk2MlppX2Z4dHc4VUZwdERwelVvakFlUkpMSHkzYkp3?oc=5,Is Arista Networks (ANET) Attractively Priced After Recent Pullback In Share Price? - simplywall.st,,neutral
company_articles,1cdc7777-aec6-400e-a52f-1e5df38a8096,2026-04-02 18:50:17+00:00,https://news.google.com/rss/articles/CBMiwgFBVV95cUxPRUNTa05oc2RBWlh4bHJGdlA3emdJSVN2U2lPU1NRcUY3Rmx5UGR0STRvazdLZ1BJVEo2SUtCNW9fZEJxbjhsa0JPZHhzc0twc2tvRkVTWnE3cm9pX1N4cGNDanZqY3NvWFM1U1pfUGZXWnl6d25YekRHUE05R1U2SW9UenJjZGtUUTJvdmZBR3dWUXQwQm1GT0N2QWVDTDN0SkFUVmE4dmd5VjRqMXRTQXJpUlhubUNkcktmTGRMSFI2Zw?oc=5,Starbucks has opened an art gallery and café in Tokyo’s trendy Yanaka neighbourhood - Time Out,,neutral
company_articles,6fdc511d-7d00-416a-bc05-f7817de385c0,2026-04-08 12:00:00+00:00,https://news.google.com/rss/articles/CBMia0FVX3lxTE9yLWhTS2xJcGhYdmhOZlU5S2E3amtyZDI2dnNzSnhxMWlsb2JteXpDcWFKX1RMMjlhYUpTV3dmR2NxWHIwZkJ0OExvMXJWZWdzNFhnME1YaE5PRTVfNU9fMUZHOUZROEl2bmNz?oc=5,'The Testaments' Release Schedule: When Do New Episodes Come Out? - People.com,,neutral
company_articles,02df0e6d-f5a9-4430-ba2e-4b8acd96173d,2026-04-06 20:13:47+00:00,https://news.google.com/rss/articles/CBMitwFBVV95cUxQbURZWE13R2FqZ3NLWndUSjBsNlU4Vy1lNjA3UFdlX2Q2SnJZNG9pZEF6dVNxZkpyUkNHTHVFd0xPYU9QS196Wm1sdmVleFlGQ1ZzN0h4SG1VY2dJdFpVd2otYTZUU0NWbU1zOXJCX25vM2xlZ05MMnRMRUhCd0c2MlRZMmxjQlg2RnNHbUlGbmNPSHNCeGtCejNpak02TWdid2t4UFAzVy1ZeUZDWjFLZWhhYkEzSEE?oc=5,Latham & Watkins Advises Diamondback Energy on Tender Offers for Two Series of Outstanding Senior Notes - Latham & Watkins LLP,,neutral
company_articles,28bf7b67-c0b6-462d-a13a-fa104260a3a6,2026-04-02 20:59:00+00:00,https://news.google.com/rss/articles/CBMi1wNBVV95cUxNWWFiVGtfc01HOXBXRmlMNklrUlJBTTVsMFpKTml0c3VaOTFzQTd6UnpCU2ZGbV9Idlk4LXNTYTVEQVRRRkszb0Rjbks2REZyT05McTZKYWFxNmktWFFrbmx3MGhzWnhKMDJFNVg0NVU4NUZjNl9mSmlLdU80cUVBS3BjZTBVcUdoOFBvMzNERkJUOU9aaWtiUHE3NHFuT01Qd1VPUUVpUDBvZHVtclNPZVNCM0JmcTh4M3d6ZkFXMk1CeUVVTk5kc2VtSVVsellJRHp3LTdYOEpaNVpWR1VMOFozczFGcTFWdUtCX3ZKY1pSNk8tUVNMVEpZTHNYVV9IT1FiMDc0bC14Y1RQdkd5LWthZFZMZnNXRVplbGlJbnlZdmhoZTNpSXVlTHBheVBsOHFsRTVIVWhOUzBrRmhWc2tMX2dVWWxFc0syajJSTVFUXzF0d1NjaEtpREZrejF2bVpLVk82bXBBaXhuX1B6ektqdDZtUDd3NHhvNnpacm5vbDFuZHVCNU13djFRcHEyUXJZamQ2WG9FcGJKbDB0RVdvRzVDazgybUFOWTU0bEZEQUItQU1mTGJJbEVBNkpwc3pUYkNDeDE1X3daUHg0QzdXbV9QbEU?oc=5,Steel Dynamics Inc. stock underperforms Thursday when compared to competitors - MarketWatch,,neutral
company_articles,c4c13335-ae10-462e-b3d6-dc64aab56301,2026-04-07 23:23:41+00:00,https://news.google.com/rss/articles/CBMiwgFBVV95cUxQLXphYjlJbEhXejYzV2haSG1zTXVJdm1jX2I4ZXdLYnZPLXBtRjYxbzV3dkpOX2JOWFpScjJRU0NnZGpZR2ZYZGRuMFQ4Tm80WjZZTWQyallteHc5eVg5UVdPTjd0S2Z6M3ZfeHV2aTllNXZLb1hPRUstS1lfMTBBaDgza1lFMEZFYmc3TW85Z2k1THpXVHVFQnJEcTJSSnFvR1lDYk53UWI4dy1CRW5OZW1fd2VmdGVUR05fcHVUenoxQQ?oc=5,"MGM Resorts enters voting agreement with major shareholder, guarantees board seats - The Gaming Boardroom",,positive
company_articles,f1206381-1b77-4d8d-b0ba-a80d07394cae,2026-03-30 11:44:18+00:00,https://news.google.com/rss/articles/CBMi1wFBVV95cUxOMi1DU0ctUXQxUF96SU1DRXpEZ05kMEVIaG1iVXp6ekRvLS1PbkpsSmxxYWlaZHJFU2lHZDZfSDhBanlHeVVKWjJYNS1ENHhka1VfbFItODVpTHIwNDA1eGoxY2kxVUg1azI5TVViSlg4OEI2OUpzdVpLR3U3TEZMUGlxbTRUclZ4SFBnMWdkNU9UVFJJQnBFbi1fdUx6MlZuY21QbHo0cDhadmZfSGFhWmRvb0RkR1FWUFhxM2NtTTVRb3huQUhOM1dLNHpkNzhnTGpiT015QQ?oc=5,"4,605 Shares in Western Digital Corporation $WDC Purchased by WESPAC Advisors LLC - MarketBeat",,neutral
company_articles,a6432f60-1596-4a01-8345-d96efe9121bf,2026-04-07 15:27:51+00:00,https://news.google.com/rss/articles/CBMirAFBVV95cUxQaG1UQnJWcDl5ZTBmRk83OWxLdFdDNnh0TGFfay1YOS1UNXJUNjBnOWFUSU1mX1AwbXU1RkZneUhDYTEzd2MzX3doSDE2SmQ0Ui1TM3FoQmVieDZqWWZhR0NqRWh0ZG53S216VjJGZFh0UnBzXzhCeTRXRnQ3WWxfM1BaTGY1ODhPQ2cteE5jcTd0MDVsRE5yNnR1U0MxNmQyQ2dzbUVfWVpvbEpz?oc=5,"Electra Glide Windshield 8 Inch Round Windshield Windscreen For Harley Touring Models - Fits Electra Glide, Street Glide, Ultra Limited & Tri Glide 1996-2013 (Black) Wind And Noise Reduction - notiexpressdemexico.com",,neutral
company_articles,6f29aa74-82e7-4a44-ab4b-629eec1e340a,2026-04-02 13:52:48+00:00,https://news.google.com/rss/articles/CBMi3wFBVV95cUxQdnZLVEhWN0FaNmRYZ0RaaDFkbmxXcW9teXpKNkQ4LWticVZ0ZGdEWGlKbUl0cUh2ZjJPRER5WXYzS2hWamJPUldwRjhnRXk3UnZjS0h1WW1HeGJWejJSTkE5YXJNV3RXMDludWU1MHR6eWs5R0ZNaGZCbFhQTWJYM1N2S3JkZFEyN1JzRnFBZFRvWXZQaW9PYmpSX1pPckpHZ1IzQTZiaU51S0dGb21PVWpmakk0bHhfZ1dhZVVqcjdSWkxVaE1fX081d2tld2xDZUpYX1ZBMDUtUEdGRnVr?oc=5,Buy These 3 AI Infrastructure Stocks Before the Next Leg Up - The Globe and Mail,,neutral
company_articles,f68d1f00-8302-49c3-8110-a7ae41aa3256,2026-04-02 10:35:57+00:00,https://news.google.com/rss/articles/CBMi3wFBVV95cUxOYUJYX29vSld0d2daWUdPeXBVRXNTaHo3LVRjbmJqTkFDdGpZMEFtRWdlcGRNQXhqNFZpU0pvNnFjS2dSbHN1SkZFT21rUXRmNXR4RWZPX1VnNlM2Q1ZReVgzQkF3eWtrRjVsc0ZCTDAzTEdyU21WSHRrTTRiMEM5aS0zcXhHc2F3TVJIZXRIZi1qVXRkMUhDMHRzOUtnaThCZ01jYWFHY3Jzd1RocXpFZDdSVFdKeXg2QTJaQkMxaE83T1lwNE5oRG1NWEZjSGVXZHhJREtVeWMwaUN3eXFr0gHfAUFVX3lxTE5hQlhfb29KV3R3Z1pZR095cFVFc1NoejctVGNuYmpOQUN0alkwQW1FZ2VwZE1BeGo0VmlTSm82cWNLZ1Jsc3VKRkVPbWtRdGY1dHhFZk9fVWc2UzZDVlF5WDNCQXd5a2tGNWxzRkJMMDNMR3JTbVZIdGtNNGIwQzlpLTNxeEdzYXdNUkhldEhmLWpVdGQxSEMwdHM5S2dpOEJnTWNhYUdjcnN3VGhxekVkN1JUV0p5eDZBMlpCQzFoTzdPWXA0TmhEbU1YRmNIZVdkeElES1V5YzBpQ3d5cWs?oc=5,A Look At Host Hotels & Resorts (HST) Valuation After Recent Share Price Cooling - simplywall.st,,neutral
company_articles,86d53255-d00e-4181-9d17-c1ae330568ac,2026-04-06 04:20:45+00:00,https://news.google.com/rss/articles/CBMixgFBVV95cUxPQUdNZHM5bkZwVUl5R2l1ZnEwMWRzcmtVTmZBMkdEbkVZT1d1SFMtc0JDclRQOXpIOFJ4QmxFWHBFM0c2N2FnMkpoR2hveHVUN2YwZmxPMTRIYjBfLUxPdUlyYlFGRFJsVzh5TU5KLU1SVXhKeXc0U2lZNkRSeDhmNzNEb1UyX1lldmVna0JtSEdpTHpxdklyY2tUUnZrbmNZR1R2ZUdlclNqbHBxTTEtUUFBYjhjeEVDR3dWbW4xc0NfbURwV1E?oc=5,Marriott Vacations Worldwide (VAC) price target increased by 24.76% to 80.17 - MSN,,neutral
company_articles,ccd0622f-d35a-4331-94ec-ab0e84c86a8b,2026-04-06 14:58:00+00:00,https://news.google.com/rss/articles/CBMilAFBVV95cUxNeW5Pd0RaazZTcTI5SVdLaUlIbWlDZUFmbE1YU1J4U0k1U09pNjdfSk5JX2JOS0ZOWEhOZmJrUjJ2R3JFZUppRXM2TFhuWHRRR21RSURrOXk3WmltWER2WDRyT1J5OHhCVGlNTFBFdU9JZ1h3X2hkVmtURkN6dURsQmxOU2JicDRyNU4wOUkzVHVXbG1G?oc=5,"A Delek Director Sold 5,000 Company Shares. Here's What It Means for Investors. - The Motley Fool",,neutral
company_articles,7d567935-7bd1-47fa-a7e7-db9ff71f6518,2026-03-28 10:38:00+00:00,https://news.google.com/rss/articles/CBMi3wFBVV95cUxOUkQyUVY1ZWtDMmVpNHViTEYxWlVUYmVXSk5paDBfVlRDVDU5TWFEVGg0d2xsWXBFRzRqTEQ1UkpPTmJwd3dYR0ptb0VzY1hkQXhNcmhrZzlrRUtLVC02OE9qSVR6TTJ1ZWJTUVl0UlU1aTl5RXV1UERHdFQ2WUVrX2duMV9EYkN5cWItTDNpVVV0WnJXazBJcFpyX04zanZXSDQwME4wY2d3NWwzTFJNc3NLUEUwNFhfNGNmNENKYl9fRTR3c2UwMHhhLUlLMHV1M0lpOHo4d2cwdDZJYTZV?oc=5,UnitedHealth Group Incorporated $UNH Shares Sold by Generate Investment Management Ltd - MarketBeat,,neutral
company_articles,1f497f28-61ff-4fb8-a9cf-8a769d464018,2026-03-30 07:00:00+00:00,https://news.google.com/rss/articles/CBMingFBVV95cUxPLVhDTmtFWmZaTEI0bVJWU2c4eHA3UElveUExWnpyQkItSEg4SFdoWlNtQzAyMFFkaDR5SEZzTkZoVExZYlA1c2UzVnBxbHFJSWxqMFkybnAzVEtEVGxiSWpmeFd4alBBRU91R3N6bm9yTjJreUlVUU83Nl94cVk2Y1lCRDFjZkhIb2NvOGpyTGtiWHhOT1lhWGFPVllhQQ?oc=5,News Corp (NASDAQ: NWSA) updates US$1B share repurchase progress - Stock Titan,,neutral
company_articles,2cf9d6f7-9257-480a-b874-50b0a11e5769,2026-04-01 22:55:27+00:00,https://news.google.com/rss/articles/CBMisAFBVV95cUxOWXA5LU9uRWN6ZWlDck5GMDNBVEJwMXAwMDZVYUVjbEc4RUJ3U19uT2IzZURXVGR3R1lKcm5EZ3JYNDE0ejI1VEpnYWtqWDNqbkpabEFCNkRLYWR2aTJHdmJfZjFpb2pnTXBQR0hWVG1uSTRka1VjbEg1MjFpMW5rVWRjeUNnXzlwN2REQkNYWGFicmNXQ01peUhTNzlJaUZLUFg1amgwSXA5dFFScExzM9IBtgFBVV95cUxOY1RjTnVNOFR3dlJyU2p6VjI2ZmU2MG1nYi1pRHJTbGF2cXJmMnRYN21XV1JHRFpDMllWVkl6MDl2ZURfQzFad1lpcUZydzJkejc3OGRVbENLb0wxSWI3d1R3Z0hOSGNySjNNeVNGeGk5Ml9yem5VM0RLWlkwOFpmVVd1MlJNQk1tVnhfVzlzdUFiZGNxT3FuWVQ5bkE2ajZnakdIVWtkcGgxeTJRY1ZUbXJha01sZw?oc=5,"Three women removed from Frontier flight, arrested over refusal to pay extra bag fee - FOX 13 Tampa Bay",,negative
company_articles,4b89525a-2e9f-4d3b-b7ce-3eec1920cf94,2026-03-30 15:15:34+00:00,https://news.google.com/rss/articles/CBMiswFBVV95cUxQMVFPc2dwS1lBZWNKMWFIYTNVTkhXYWJaUXRpZS13QjEyMmh6TnFpUjJEanQwOWkxdW5YOURENEFrdE9TemxPaHJnODhrM3JoRENyQjhVN3EtMXpkYUU1alQ1OVdHSEtBa1ZDZUVQUU5HblJvS3dScTRZVWpfaTJSNFpkR3N3WEphMU80cHVIb3ZQWVRuN3lKNHBvWW5ScEhkSkZ4ZklfZWk4cWxWX3RUY1BrSQ?oc=5,Marathon Petroleum (NYSE:MPC) Sets New 1-Year High - Still a Buy? - MarketBeat,,neutral
company_articles,c3aed7c4-86e5-4c16-a4ba-e482fbc35415,2026-04-02 05:37:29+00:00,https://news.google.com/rss/articles/CBMiqgFBVV95cUxOYVBmX1NPbU5ubldvNl92QWJzeGVpSXF4N3MyTm14aW54V2RUTkg1eU9NcUZLd2xNUVFTYmhva3FxTTk1OFZBbjZFQUdYX2YtQnBGX0RCNUlhS2w3cmhoSnNpZFVxUnBUMDVuQmJRZExNTHBaMkVORnpyZUJJa1liM0U2VTN0OU91MWFkREFfZFpTOUhhUjh2QmZTbEZfcHE1cjJ5OHJab19PQQ?oc=5,What to Expect From Colgate-Palmolive’s Q1 2026 Earnings Report - Barchart.com,,neutral
company_articles,ef542730-10ac-4d52-802f-0fda9bf08c25,2026-04-03 07:33:35+00:00,https://news.google.com/rss/articles/CBMi-AFBVV95cUxPdkFvaFh5MGJWbVB0MkcyTkxaaHItVGw2bUs4aEJ5anVyY3RVNWRtbWtteks0clJMS3B5WWRWcDVIWXh0VFJmd1NVamtJOERZRWthTTRaZnBFS2NpY2NlQ1J5M1VuUXM0T1VoQ0gyVDF0aTlZR04zMW1tY1Y4VXpWNUpvOHR0dldjMVEzaFlYZkk3cVkwRHg5NWFaQ1d5cnR4dlN3bDI3MmduZi16NWdJZjBuUHQtMER6OHczcWRBYWRnSlRBNHJkMEEzNmlhLTM4SkkzZFhrQVRVVG9VWjNwR1NlWTJQenJkOVJSQzEzNEwzYTJWTXo2Vg?oc=5,Banque Pictet & Cie SA Makes New $2.77 Million Investment in Cognizant Technology Solutions Corporation $CTSH - MarketBeat,,positive
company_articles,cc83765d-42fa-4f58-8d62-e7bc33475c74,2026-04-09 16:20:00+00:00,https://news.google.com/rss/articles/CBMivwFBVV95cUxORUdyXzFsRTE0Q0szcGdrR09nQWh1NXlrTkE1aTAwYTVUM0VKVHV3WUVZTjl1VzctZjF3bUl0UkpkQ0ktaVJfM2hKeGRkenNTVk9GM0N4al9sY3d5VG5aR09RZHVrUU9hWHpURmRWUzlBOGx2OF94MlhTcTB3SGVSSHFYS1JjQzFGelBXQ3hQakM5V0p2bGRtNS13dHkxcG5uSkpISVJqRXUzVFNReFpqZzZ3V2tLYV85cHkyRjhzY9IBcEFVX3lxTE9qaFJYWHRBWDI2cng0WGtySElnN043WV81dzdLeDRuQVJud3A1dDdULVZ2eG1kU0hWZ3BtWmRPYldpd2M2cjRhRGVGeEk3dzA4TEdTQkNrcUR0MWV5WDhwTnQ0d0E2U1VUa0pnYWQ3a2Q?oc=5,"Ex-Assurant Workers Look To Toss RICO, Trade Secrets Suit - Law360",,negative
company_articles,a8597782-9d73-4f75-b38c-63976dbe66b9,2026-03-28 09:00:00+00:00,https://news.google.com/rss/articles/CBMirAFBVV95cUxQNmZzN3hLVnpsckVhTFZkTHhhdnVDck9EY1JRc0FENWN0dGladHhrQkI5NEo0dG1xc25pV2JYa3I1WDFZb1o4aGNMaTd4S0laR3dXcUFGYWMweEltS2JZQzI4bWhhZy04emFhdnBhMlY3YnVienRzeXNwajV0WEJMdzk5MjdWWV81V251QW5hU2oyZ2hrYzk2R2REbEVwUjd4bFd3UTN1NkVzc1ZD?oc=5,Nike poster designs put a cinematic spin on World Cup 2026 - Creative Bloq,,positive
company_articles,7e868ff7-0292-4bbf-98fc-500131fb4909,2026-04-02 07:00:00+00:00,https://news.google.com/rss/articles/CBMiX0FVX3lxTE5hT0dOLTNQa0dIUW95b1g2V0paRkplaWcxM2w0RWZCY0xCMnp0VkhHaWZzbk1ldXBZakg2MktiRnZlOUJIM2VMUHliQktXbV96X1BqdFI0UHlRcUQwSHhn?oc=5,"UNMA Stock Price, Quote & Chart | UNUM GROUP - UNM 6 1/4 06/15/58 (NYSE:UNMA) - ChartMill",,neutral
company_articles,b4576cc9-6e4e-4c1d-8d72-ba0dbd0df377,2026-04-03 19:45:00+00:00,https://news.google.com/rss/articles/CBMilgFBVV95cUxQbk82cGY4MVlZZFpxeXIxRkhrUVJ6bUt1VDJVN0MxQVJNX3Z2Skw3SGJhY2tVQ25HcEg4Y0pYbFBIZGg2bkVfTEFwOW1hTkZ2aThvMTFCbEg4a0tnakpfdzg1RXNreHA2UXVBVlo0QTJfUy13VkplTncwRERFcG1xbmtUNUJWRnVVajgyRGp4VG5iZE1rZkE?oc=5,Will Micron Be a Trillion-Dollar Company By 2030? - The Motley Fool,,negative
company_articles,9c6985a7-3026-4bfe-b988-a746091ea45d,2026-04-02 13:54:00+00:00,https://news.google.com/rss/articles/CBMisAFBVV95cUxOX1lQVlAzSGd0MWNGRHdWa0MxUXA5TWg1M2QzaGFOczB0bXhGTTZvRXZYS0NZWFd0b3R4Wkt4VGF0QXlFd3NWbVNyUXZfWGctUUpPb3BWX0pHMlk1Ul83TmZZbXdjMHJIREZqY2dLMXFpczdrZGVxLTZmZlRwcmVqdU1SV1hyZEI4Y2tUMkkyOUlMMDFEM1daTWc4am5RSFRzaDlhclFZeHJZa2dXb2NmY9IBtgFBVV95cUxPMjMyYnRBaHd4NGhHd3ZtNlVfQ0NoZHNmMmdsVG14Y2JsMUliQWlJN2VpalNoOWpHSXYxWHA0RUxiNkpUMDM3VkNsdENEYWpwalkzM0NEM3IwMHJpNDAwWXBYZ2dka2RIZk9raUw5NmdtamhTTmk3NktlZTRmVjlUOVlLakFMUHRNZS1NWndnRGJfWVFkbDdaMkRETTMtaU01SkVENExETGZlczFhWTY4Vzg1cHpaQQ?oc=5,"Major grocery chain closes more stores, cuts jobs as post-merger fallout deepens - Fox Business",,neutral
company_articles,7c0b6d8c-fb16-45dd-b95e-065ac22ec191,2026-04-01 20:43:19+00:00,https://news.google.com/rss/articles/CBMilAFBVV95cUxOTkczc1B4Y243MUVRbjlmeHBGYjVzcmtvOXhnSWctTUQyQnZ2NHhvVmVxZVdUdlFWUElZVXhfYU5LSVFyUDZRWVhEcWJsUENaYTlkVzljOVoyQnZuRjVoUWZEZTZvTk5UQmFubmJVblhfcE14Vmw3OXNhazNWLXpPNVhYVXM1eVhJdkFYSWpoaDNlQTlY?oc=5,Form 424B2 GOLDMAN SACHS GROUP INC - StreetInsider,,neutral
company_articles,5a473906-61de-4916-be5f-3e1a351c3a65,2026-04-08 12:30:00+00:00,https://news.google.com/rss/articles/CBMiwAFBVV95cUxNeGN1WmZFMWhzdWV6VmhMRGlrak5FbzgwdUJ5LVhmekxTQVdaelk2SVc2TDZDbEhDZTNZRXd3eEZ6MmNLSGRGY2I2bWFieElzWjZUZklXSjVQN3h1S2VWWEFZSm9YU2RUSzB5MUJnMlFGa2ltZk9BeS12VWlwekF6X0YtZkxaRTd6LUZFaE9ZODBjTU13cHJ2cFg0NzR0R1FTTWJ1cGRYVGxoOXh2U2NSd3Q3TjhVRlpfU2dHREJvV0E?oc=5,Cincinnati Financial sets April 28 webcast after Q1 results - Stock Titan,,neutral
company_articles,66e0d6fe-e0fc-4034-91b8-bcd4a352b114,2026-03-31 07:00:00+00:00,https://news.google.com/rss/articles/CBMic0FVX3lxTFBUSWtERnVIVzhudUtnYUZ3TFZQNmtYdGQwa05hOGFDWTAzRUs4VlVGTUVIQnZaTmszUTdSYXpqUUV4ZUQ1YmNLS1k2bkFCdi11bmNhelBVY1ZTR3ZoNmZUTm5DaFJ4c055aWJWVk8wSmtYS1E?oc=5,"The Andersons, Inc.: - marketscreener.com",,neutral
company_articles,d8ea4566-4a2d-4928-9b1a-f594ac6f63be,2026-03-30 07:22:04+00:00,https://news.google.com/rss/articles/CBMi0AFBVV95cUxPYXY3VUtQSTFGYmczSm5hVmpNRmIwSngzTFlyS3BvcmFud2lLRnhXNXdvWTBLM2FHY1d2LXZGX1o0Z0RmLXlRaDJ2bDMteldCb1hTbmxUTS16OVg2OU52X2pIcUdOVG5aMlRWSXUzQk5acHpMV2NXaGo3c2tIVjRBckNFOGp2RHU0ZnZxRC1BdUJFZ0tIZl9wWUFJSXZtLWh3S0ZiZTVtSjNfN3VtQVRYRV9YaWhwc1UyeGZoZXBSSFg4T1ZJa3J1V1YxUWpnX2o5?oc=5,Henry Schein: A Cash-Generating Healthcare Distributor Priced for Mediocrity - TradingView,,neutral
company_articles,42e298f1-46c8-4e7c-b09b-8446b0dd0ad1,2026-04-02 13:24:30+00:00,https://news.google.com/rss/articles/CBMiwgFBVV95cUxPaURXd2FDTnk4R0ZyQ2hodTNJX1VPbXhxWldTZTNXTXJrZnVHYkE5U3NGRnpsakRjRTI4dWU2V3NteDdYRGk5NkhYMDhsTU5iZHJoaVVRQVNxYkxQT2k3VUYxX2g4cTZJV1ppZlhBNWZyN2FnbkhnY3JRTXJ5NktKX1FsaFYwMkR5dkthZDZaZnd1YWFvZG1qRms5QXFvSzFNYnp0NG1fRjJmTHZYVXJMdm1uMUlyaFhuaDRZZXhzcnJWdw?oc=5,Enterprise Products Partners Stock: Stable Midstream Leader with Strong Distribution Growth and Resi - AD HOC NEWS,,neutral
company_articles,418fe745-b406-422d-b967-7fbffa66f3cc,2026-04-10 01:10:52+00:00,https://news.google.com/rss/articles/CBMiZ0FVX3lxTE5lRTlIekt0QzdLYkEtbVR6QlB6Nl94NWFvT0ZRTlBQZXpXVHlwc1JEMEpZUDB0LUE3RTZaWnNidkUzWEhFOU83UWljc1cyZVMyNG01OThXenhaV1VnZWpHVUl2c1ZGb3PSAWdBVV95cUxOZUU5SHpLdEM3S2JBLW1UekJQejZfeDVhb09GUU5QUGV6V1R5cHNSRDBKWVAwdC1BN0U2WlpzYnZFM1hIRTlPN1FpY3NXMmVTMjRtNTk4V3p4WldVZ2VqR1VJdnNWRm9z?oc=5,Talen Energy Tops $350 Million Volume Chart as Profit Woes Trigger 4.83% Plunge - Bitget,,neutral
company_articles,d3cf4929-2780-43f9-8323-00d93854762e,2026-04-07 12:37:28+00:00,https://news.google.com/rss/articles/CBMi0gFBVV95cUxQcU5tZW5LUndLSnhEVDFHcjJoUzNCOUJJanMzUWx5a0trY3RtODdqTDJRdUFoalhPQTlmZE91TWc4bnhvdndLb2dRZ29CV0hPbVBhamw0QkNqcVFvQkg3SG9EV0dEQ1M5ZmR5WnRmNWpQcmhabUlmQjFxanJVTEZkRWs0SlpZY0NfNG9YZmhTTHJnRXZSYjYxVEVMaHRJNF91eVFEekE4T2NGLTBBRDRqY3lSLUd6clZrYUE1VnVlQmxRUWdUUE5lTU1lMk4xMG5KdGc?oc=5,"Barclays Adjusts Principal Financial Group PT to $84 From $85, Maintains Underweight Rating - Moomoo",,neutral
company_articles,5cbe9a7c-a61a-4851-b684-eb1de1876b79,2026-04-06 07:48:49+00:00,https://news.google.com/rss/articles/CBMiVEFVX3lxTE85U29wZnFZWE5laDhSdmV2N1JvckU3NlZDb2VXNTJRV2kyaG0tQko5SDBjcklBQkxocHh5QkVneDQwUzc5OF9BYWdRMFNjbVlmRjJJVQ?oc=5,RESTORATION HARDWARE FURNITURE DUPES || LOOK FOR LESS || 2024 [b6d9d0] - Mshale,,neutral
company_articles,dba5d3f0-818d-441f-a00f-f8d99165c0a8,2026-04-07 14:50:45+00:00,https://news.google.com/rss/articles/CBMimgFBVV95cUxQZHNTQXJnbkM3cXRxY2U4YzRHc0VOMTFZb1JjcGNsazUwMmRobDIwblNjc3p1a19nZzdpaUx2ZXhlUVJwYkpWRzJQaU5MNEhVVU5ONENkX1ltQjdmbUwtQXo5UUd0UkxycGs1dEZ2VFRfcVZDSUFZd1pPYlJjRHVOcXZORDQ0QXFvTGhwdnRrenJ6TXo5RTFPY0pB?oc=5,Ava Labs reveals Avalanche strategy for compliant global payments - roundtable.io,,neutral
company_articles,6d5f15ad-4a2c-4dea-80f9-33c6e37c30de,2026-03-31 17:33:52+00:00,https://news.google.com/rss/articles/CBMitwFBVV95cUxPSEh3ajBrLUY0cHUxQjJoYS1lNTN2TjhZV0FhdzVjRWxVT1hQS0NOTjUybms5dzZRWHBMX1BQcDkyZmQyQ01YaVFjLVNBRTNNQ01NMHZvWjNONGRiU1lnTzkxRnNlVEtfWVBVdXZOMkVucFk5TTkyRWNqRVZzOUVacjVYeE5rblZDSVRibWxKdzFyRDdOOUx0eE44R2ZDTVFRREJBQmNKbmJqb1prZUVlQ1JFUGtqU2c?oc=5,Columbia Banking System (NASDAQ: COLB) sets Q1 2026 results release and call - Stock Titan,,neutral
company_articles,9616d4d3-322d-4dda-b18b-21ece7569744,2026-04-07 14:27:00+00:00,https://news.google.com/rss/articles/CBMioAFBVV95cUxQVlNyWVYwUm9Mb0pBU1FiNjB1SlJVZ2RTcjNMdDk1YlpWc1dRMVRyU2d4Q0p1VUN1bkdvXzBNcTFTNUFkRHJYRHNKSVhfcTJnNzU0NzFQSlUxMFQ1S0tUMy1EM2NXcTVDbVBDRWFpNlFoRDJCdlJETF9uTVh1RmhDdlQwdXhMZ2xvbVg0UGlVcFF4emJ0R3dHRHJ2QklETV9q?oc=5,Press Release: EQT Life Sciences to Exit Minority Stake in Tubulis via Sale to Gilead Sciences for up to USD 5.0 Billion - Moomoo,,negative
company_articles,5cc1e554-dbd5-4482-b4fd-3e9da8c4258c,2026-03-27 18:23:49+00:00,https://news.google.com/rss/articles/CBMiuAFBVV95cUxOMXVET25ORUNpejNUMHduYjJiX2o5Z25ySmpFRDB1SVZYSDQ5VUN3RzVZSzRDWEprcGc5Y0hOMzZxUW0tczBNUjV3eEpwU0liNG5KZVh0RkFxbzBLU0JPMHhaT1JaX2haa3I2RmVLc2NXUV9aYUpHV29ONU1RRDI2WmpvUVMwX3h4N1daa1pXdHdYMmJ5NlRLcUhRd2Vvc1JQaFNQUFNIOHF4WUFyQTR2YmVtMGtEa0to?oc=5,Colgate-Palmolive: One of Corporate America’s Last Remaining DEI Holdouts - nlpc.org,,neutral
company_articles,540ddb81-9adf-4ded-809a-c3039264beac,2026-03-31 20:24:21+00:00,https://news.google.com/rss/articles/CBMiqgFBVV95cUxPQ2UwZ3d0dUdzWkpNYTN3RkFDWlhQSFVyaElVNTBvRGVUblVVQ1d1c1RZQWh3QTNNLVY4TFVaMnNELTN5RVZXMzJMZWhqc3pkNVNlODkzaEg2Q0pkamxYbDRpZWF2SkYyMHZIV2xhQmE5elp4MkpCeXZRcmJxTEVmVkpRdjktS2lMTlhtN0FRTGc5YXFqaGdITEdieGJzSzk2QmJoRVVFTVJIdw?oc=5,"Campbell's (NYSE: CPB) director receives 2,037 phantom stock units - Stock Titan",,neutral
company_articles,ff7743f6-f9f7-4576-81c9-68b4a7572cdf,2026-03-31 03:13:51+00:00,https://news.google.com/rss/articles/CBMiygJBVV95cUxOc0FxLWxzaFJSRHNXWldfVFAwdmVPVlo1a1dFMWN3YklVUWl1Z0ZyQng2NkJVaWQwN2lDWTV5TE5jNkVSSWI2RkpoTkpFcWROYUROQ1FpaDBwaGdTTDg5alQ4aUtQLUlyQjRieWZuN0x5QU93Mm1XVXBMbzZPbGljN2IycUJXN1dFQUhsVTJUejlUY3JGdTJackJZXzlXdFprRFVUWnBDMjJPZzhKbThDajM4c3B5UmJfRmsydDFuaHFjWnBxRW04R214Z24zQWdOeUR2bWRjalRVVHIyQmdPMERjTmJmaFhkUl9tMDhfRjNlZmsyOFdXMnlOOHFJdWJPcDh5OFlMWF9XdGVMUnN3SUJWcnpVTG1JeTdmdi16S3c0QklJSFpyX3k5RHZ2VUlUd2Z3T09HM2FPeHFUcmM3a0VITTkyT1dOVnc?oc=5,"Thanks to RIAs (in large part), Schwab CEO Rick Wurster's pay leaped 49%, and may have soared higher -- much higher -- but company stopped considering Fidelity in its calculations, according to SEC disclosure - RIABiz",,neutral
company_articles,9802aebc-3c07-4f92-873b-8369f66d7ea9,2026-03-30 20:35:00+00:00,https://news.google.com/rss/articles/CBMi1ANBVV95cUxOWjQ2U24tRl8zVFZlSXFRNjZhdXd1MkpIUnpubUd1bVR4U0xzd2xRTW5la2VPY0owQlFhb25CVHRJQjZfT3N5ZXItSjh5S29YNVhWMG95NjczSmx0NjA5eVhIdWlxUUN5RGNsQjlzczBUTm1BTmV6Y3hVU3pLT0ZKbTN0QTNKVS1aVDhmNlJ1RWM3UGdOOGswdFF2c1hHUUVycUlZWERjQTQwcWw2QUFhMVNROEtQbVl3amlmMk9fa3RpS2U1cnpGbUdKblRRTnV0TXhMWi1nWkgySzBHU04yWFNIb0xUSVc3UDBFamV6TzBFNzRtaUVLSHgzSnUyQWp2YU5VRlJGQ2VlaVJXbl9sNnU4TEh1SkFKTGxxTVRGNUhzbWFRcmM3UzF3MmJITzVaQXVlWDh0a2dDSTBOX0VFYjYtdGx2NllUeGJmcHhHRmtiRG9uQmFWQUQxUkl1M3VST0l5Qm1oTUNKQTRTcEVrUUg5bEZBQkdNcmNsU1FWVGc2VnljM1FVdVBZNWRVN0tEQUFmZDZUZWZQUVQtZWNsSkJIRkRQaDdPajJ3VHQ3d016SnhDRGxPUW9feXo5R05OeWZFRlpwSjRZaTdGWDlsV2JKSFM?oc=5,Amphenol Corp. Cl A stock outperforms competitors despite losses on the day - MarketWatch,,neutral
company_articles,7765ea15-e507-41bd-8065-20fa26049936,2026-04-03 23:28:58+00:00,https://news.google.com/rss/articles/CBMi4wFBVV95cUxPV0RRT1RvU0xhRFVvRmpEY1pOblo4cjF6Ny1CZ2tUdFhqTUphbWFFLXYxTGJwdVpyc09LZ01LQVloWjRhT1RObHpWanh4RUpNSFgwTl9uRGk2MFZob3kxcTJwMnNocmNHNlIzU2ljTXdiVjkycGFCVmlXQ3ZYV1FsSGxWNEJ5cEZGZnZOYktTNTYyem5TNzJCbGJ0Ry1zek5KTkVQd2cwdTdrNTR5Z1hlc2hTbm5TTDZqTElXVjRLN3NmeUM0VTFIYWtwcUdHQU9MYnRCZnU3YldQY0I3YWJBZ2N0Yw?oc=5,A Chicago Dollar Tree Had 100 Rodent Droppings. Inspectors Came Back. - Hoodline,,neutral
company_articles,05a10ddb-05af-4c69-9063-15dcd093df20,2026-03-31 08:44:12+00:00,https://news.google.com/rss/articles/CBMirgFBVV95cUxOYU1uZWpmQzVJY1hvb2huR09SQ1FyQVM1QVVoQnNKSjdLeG9OUmg2M2xyeUJSbXEyeUJIWHFmQXJwOWZrZEl4V1c5VkxqZlJyUXFDcFFaVzBiTWMybmhKQ3BtRG05MWthVnJrRXdXcXNiUTI4TmxQUkx1eERxNXZxR3lpOFk0ZUhKcXo4WVNVeEdCVXB1QWJtVTdLT2lEVW9tanM4emliYy1hZFZLZlHSAbYBQVVfeXFMTmhjWHhTNDA0WlQ0OHphVldRbmhFNl8yR3MyUWtPREppM3BfbEV5Tml0Q18yd1VmSnVUSVFyQURRdnVoNzZaSDh1d2RhdFpiM2h5cnN5Y21MMUJtaXRudWtaaEJBa0M0aVlDSUswMUlYUVl6YTdCUHV5a29feVNsYVZRTHhrQTl1amg3WWdLZDRhX3VNbUI1UFFDTi1ZcUd3cklqTjlEVjVac1ZrQXVReVdlRnJnVGc?oc=5,Waters Corp (WAT) Expands After BD Diagnostic Solutions Acquisition - Insider Monkey,,positive
company_articles,fde7c8da-6630-487f-915a-ad63c97d8405,2026-04-02 09:00:00+00:00,https://news.google.com/rss/articles/CBMihAFBVV95cUxNY2dZUGFjS3VJRlZTZzRYdjY2Nzg1bEFhcmE3dDI1YzVsb25uQTVjaHB5bldOb2lwX0ptSFROMm5JVGlaenlIcDBqYXdRcHV2RHR4cDFfVkpPUDlyZTJTb2pHZGZtcXQ2RGw0elZLQlQzLW9BX0E0SGtfcjJ2cWZlWE5nN2s?oc=5,Wayfair’s 5 Days of Deals Sale Is Packed With Indoor and Outdoor Furniture Up to 88% Off—Don't Miss These 30 Deals - Real Simple,,neutral
company_articles,b3313a98-2eb4-4669-8ef7-01a698d9e932,2026-04-08 08:26:22+00:00,https://news.google.com/rss/articles/CBMirgFBVV95cUxNQ3VWT1dQX3M3OFdaWlFjald5akdUS05OUXNJbkxlU2UyQ0d5R0JFZmFLaFF1SEpMMjlmOWFHUVZOdm5jZ1JzSDhWYVRfRW5MZFFKaVZFcHJpOEFvV3JhUjRvOExKWG5jOTFmUThUTU1vTVdMMlZnTEhQWU5KR1VTWlNKV0N0em56ZEJvM1dSakxqeEI2MTU3MVRNczRSR2dycDhXOWlCYThpMFVQQXc?oc=5,"Barclays Maintains Aflac Inc(AFL.US) With Sell Rating, Maintains Target Price $101 - 富途牛牛",,neutral
company_articles,242f1bcd-8c23-4d2c-a4b8-21d163dc3b77,2026-04-09 00:08:00+00:00,https://news.google.com/rss/articles/CBMilAFBVV95cUxPbzFaYm5sRE9kMnNhOXhLMlAzb1JQQmpOMWtTTHpsVFJUVlR1NVdHOExPX24yaDVSNEtQSWRCd1E0cXl1RE02U0QySDA5WVRNY2lEclBWWjZKQ2NQM1Z0eWJJamxQM0hhX0tqeEZnX3pLdFVrd0RnTXQ1QlRiajNJa1hfWW12Rl9qZWVRTC1NVTNHVnNr?oc=5,"Paramount smells money, decides to get back into the books business - Paste Magazine",,neutral
company_articles,874a80a6-217a-416c-98f7-ecdd6252e951,2026-04-06 21:47:24+00:00,https://news.google.com/rss/articles/CBMivgFBVV95cUxOVnE4T1FwWEQxM0FZVlJkcmVMTWxnS3ppQWYxODgyNGQyV2xRWjRWaml5SG1taG9EdUM3OEhDeGduYnlRdUlIN052alpnM2VYQ3ZPTDY5UDRFN1hoZ2JQcnh2aW1MUHM2T0lJM05DX3M1VjhDUVZKRDBLTThXOG50SUJEd1BZSkg2VlNIbXh3TzVESWRvWG1KMkdMWHpKRkQ2OWUyeFNEV3dlSlZhMWpTbGlTR29YNUV3ajdja1ZB?oc=5,"Humana shares surge 12% on 2027 Medicare rate boost; UNH, CVS rally - investing.com",,neutral
company_articles,ed62c3ec-ace8-4a05-934c-501d5ba59771,2026-03-31 13:00:00+00:00,https://news.google.com/rss/articles/CBMisAFBVV95cUxNTWJsNTRQUjgwRExiS09lQnBCdlJTZUYzZTlINDgyYkZUOHlRNUYzVkpSZTd2TFpxRWZpbW0ybkxKNmFYVnpXeFRXTHJqUm1PZnZCZ19qNDdQWllEaXNYU2lOTDlnMVd0RHRzZ29XV2tPd2hTbnNFM2plNXh5YUZ2c0V4eVdqOWNnUkhqNHM3R1d0QVhYVW9fVm9hUFdCLU1aaGtYX3RURWxxQkM1aUZQdQ?oc=5,Huntington overhauls wealth operations with SEI technology shift - Stock Titan,,neutral
ceo_articles,bdbfb11e-7c5e-401f-ab05-dcd93677df22,2026-04-03 21:00:30+00:00,https://news.google.com/rss/articles/CBMitwFBVV95cUxOYUd5Q25YeVdCbXBPa0FpZkR3UjNhc3U2Z1owTXpBU1dtTy1qUWZRQWtkRm5sbWgyZDZBWDhRSFM4aGlQUkl2UGN4TFVBOTVFNlBFRzdxUzQzb2Jta1VzU01aV3ZfbWU5VjlZd2VGTUNTNC15Q0Q3QWZKMS1MTVFpWjdZb2w2S3ByZnJFV19PSTdTenlGeWR3bU5hb052MFZSdlJtLTBTbW01NVpEUURma1RQcDdqLVE?oc=5,"Cheesecake Factory (CAKE) CEO reports 4,655 shares withheld for tax on vesting - Stock Titan",,neutral
ceo_articles,bab06f9d-89fa-4dc1-b8e0-2ea0f2aae96f,2026-04-09 03:06:31+00:00,https://news.google.com/rss/articles/CBMicEFVX3lxTFBCQWhzdExYeF93eHpTem1RLUF3U2pKNmV2bnFDZ3JHSTBEMVl3cm0yWHdnNmtrRjdDcm5aOExLdHVzVGhudkVxRkw4TldFYnJTRzlnSW93UUNseUNsckFmemNmZlNhZDIyWHRNdWdmR1A?oc=5,MGM locks in voting cap for IAC stake held by Diller - sigma.world,,neutral
ceo_articles,7721f986-83c3-41d4-8868-29827db0def4,2026-04-02 11:04:04+00:00,https://news.google.com/rss/articles/CBMizwFBVV95cUxNaWtCRFJndG1tdkVxUDZjM2sxRTREVlBfdTlseF9zNjlqMG5CYi1ycVhFWnVPTnF0STQyU081RDVEUE5JcThNWWZoUm1ZMEFLS2J6MHQ4bDgydXZDeE1yNGxibTJJMW5UNkxhUUc0LUlxWUJUYjR4Zm1rMlM0cjZ2MTE4R3ZleHlwX3dTN1llS1gycTdUaUpuSHJYclpVWXRNLTRtTGFrOVhwc01OVkFsN1JYaFpobzdmdDNSM19yb3BWZndXYW4waExsVHA1alU?oc=5,"Nvidia CEO Jensen Huang on AI layoffs: Jobs will change, not disappear - Exchange4Media",,neutral
ceo_articles,fb09eba4-a84f-434b-9804-8a40a7c9e5dc,2026-03-30 08:55:20+00:00,https://news.google.com/rss/articles/CBMi4wFBVV95cUxONGtSTkpTa0dZMzgtVkVaSjhvZFpxallSRHlITDlHUHQ4aEFWeWRkckFmb1drak04b2wxazJwMktXOFQzZHdDM0dlV1FDOTdQTE1pcjdYRkF4cWtnS3RlNWI1SUJFUmpIZFA2UUpYcWE4N05HMHdGbURYcV9jaEtuMF9YMkFJcWZIc2RwLVhkdkRNVW55OERIMWtYbzNSZm9YZ2lla080MWNLYnpBNG14ZlhHaTJzQjlnV1EybkJ4bFRENGluUGZZRVpqcm9Zc0U1elN4ZjAtTDBrVzh0eGM1UVZCYw?oc=5,"Mark Zuckerberg Praised Elon Musk's DOGE 'Progress' In 2025, Offered To Help: 'Anything Else I Can Do' - Benzinga",,positive
ceo_articles,e9228bdf-d174-4cdf-a2b0-77dbde30f031,2026-03-31 17:40:25+00:00,https://news.google.com/rss/articles/CBMiugFBVV95cUxNa0ZEY0dHc0M0a0Nrd2JDZTl1bE90T0tkRDRZeVJFc3VzUzQ3dU9vNEdSUWZfQkhkdzhrR2gtYXFGTVd2aTJwakp1dmN5X2FZazFLNjc3TkpmNl9ybG9VTkRGN2s4UHhXR3B2UnFzVDJ4Q1RnUm9Tc3g4YjU5LTBiTTFTNHRfT0g2T0lZMF90bzZpcG9MeWVocUFWUDlWcl9mZHh1aDVTR3ZjOHU3bEtaUkFkVW1ucy1jSHc?oc=5,Packaging Corp of America (PKG) CEO gets equity awards and tax share withholding - Stock Titan,,neutral
ceo_articles,21e0403f-04e1-4d59-a3fa-b4eff4b78a5b,2026-04-07 14:46:00+00:00,https://news.google.com/rss/articles/CBMizgFBVV95cUxPTElvYW1MY2wwYkRqMzN1Qmd1VUZYUUVnUFNDYkoxczZ5RDE5Y1BtQWk0UnpJeDhGcmE4R0RVbU56Sm4wTnl3M2JIQ2RvdXhIYXVOMkFxTkhlQm52MGttd21DR1J0bUJtUHJTVFhHZGdCSGJmRWtaeDIway1yUERFRUczdk4tVXRpeUZqRXVyS1BVajJIN19LWmF4OG1CZEpVN0VmZXJQRlZBMzliQjhpU25mYUxZNWNfbjJVVC1oRXBxb04wQmJTbk9FdUtlQQ?oc=5,Sentry starts 40-month Stevens Point headquarters renovation project - Stevens Point Journal,,neutral
ceo_articles,4ab66196-5158-4ca9-add1-921314ca8dda,2026-04-09 17:22:00+00:00,https://news.google.com/rss/articles/CBMiowFBVV95cUxOSVRtXzg3WW1YRUdibU1Ib19CT3dPVDFFZF9yaVJNMVFaZWNRamNGTFJfX1IzOU1pWjgwSl9YZXl5eUIwSkhWdEo2dWt6UXNjS1U3bHNuZV9MUkpvMlJjdFRCQ2FLcWl1cWliR0E5T3RGYUN6emFJalFrMHhnbUNNNkRkSjBSMFc2TVpkbk51ZWpkaEFudTFZUEstMWhXSTIzZUJF?oc=5,Why is Elon Musk pushing buyers towards scarce Tesla EVs? - USA Today,,neutral
ceo_articles,661ccfae-3110-4ca7-8dcc-329171e64556,2026-04-06 22:31:43+00:00,https://news.google.com/rss/articles/CBMizwFBVV95cUxQQ0NBdFVSV3EyNHNsMkt5MW5vSHI5VnI2TWxJVGlFR1kydVFTcVJnb1BHQ2xsQ01aYlRnVTVEbkRXQ2JnNzBSM1hRdEExWUZXS09ua1RpU3FEdnZrLWpOMnVNLVAxcV9BTV90SGtyWExiYVFVOGhOa1FvWG9MdGFqd0xrUTA3dk9Idk5PODdPQzlWUjdJQ2dWXzExLWVfZ3NqcWV1dFhROWRUdUVDUXpBSjNiOTBtdm52Z3Nlb2JRcy1kc2dPdHpzbVMzTFZKUmvSAdQBQVVfeXFMUG50a1F6emp0bTdoSkpkY0gxOEtpYWljNTFQM3VwMzZjaUhnakVEQlYtd0FheV9sTGN3cVV5TFZORmVLTko2aTNsdmR3ck9wbVlLcVEwQWYyVmUxcjFnMV9OQmtaTG0yZDhnbnQzMmR4UVFTT1dueWkzRHVsSGtzWlVOaVFyQ0tVYVd6ZlFleXp5NkMxNmZ4ODk2bjN0UUlwQW9zTS1Qd1dIWFRkQktCdWVnMllMYkpMUWhERTkyRkJoVzZrd2V5QWI2UktoRDRwSlRoM0Q?oc=5,Insight Enterprises (NSIT) Is Up 6.9% After Appointing New CEO Jack Azagury From Accenture - simplywall.st,,neutral
ceo_articles,4a9c4664-3407-4a96-89e1-97bd6dae6af4,2026-04-06 11:58:03+00:00,https://news.google.com/rss/articles/CBMilAFBVV95cUxPSHdmWWhUS1FfcXBjM0s2dE11NERqb2dpQnRkcXk3ZHZpTmxIMWphQWRValR4NUtwNUYtQ2wxTkRDcVhxdld3YTBDRTFCUklid0UwQngxYWJvRkYxYTJob3QwRkVQdGhFbFhhZFVhU19sOE1NeGFtTGhPRUVYYUhJRVBVZ2FLM2hPa0tNQ0prd293VE5s?oc=5,AMC Super Mario Galaxy Movie Popcorn Buckets Are Sold Out: CEO Reveals Record Sales and What Is Coming Next - Fantasy Land News,,positive
ceo_articles,297b88dc-2512-4d3b-bd52-b8f855c33656,2026-04-03 00:48:30+00:00,https://news.google.com/rss/articles/CBMi4AFBVV95cUxQXzExOEVMNjc5VXo0WTM4dHFFbWMxdFZQUVZwc0EzZFZuUElaTkZ1SThGalZ0Vnd5aHB5OEhORlVNTklrYW5seDdGQUQtZW1CRzdPUi1FX2VuT3pEWmJmRUlZMlphckFsOEhxZy05Rkc5WUpmbFpzeHNVWXZiUWxJZlhfMElUdG1sc2xWTmN0ZWZpYVlpVGNiWjNac0NSdkw1Smk5RzlMOVJzZnpKQkJHdDNxTFVSTlhaTnFNZDNlQ1AtenJSeUlTTWg3cGlHZmJDZEtucFdYcVhvS2theVhsMtIB4AFBVV95cUxQXzExOEVMNjc5VXo0WTM4dHFFbWMxdFZQUVZwc0EzZFZuUElaTkZ1SThGalZ0Vnd5aHB5OEhORlVNTklrYW5seDdGQUQtZW1CRzdPUi1FX2VuT3pEWmJmRUlZMlphckFsOEhxZy05Rkc5WUpmbFpzeHNVWXZiUWxJZlhfMElUdG1sc2xWTmN0ZWZpYVlpVGNiWjNac0NSdkw1Smk5RzlMOVJzZnpKQkJHdDNxTFVSTlhaTnFNZDNlQ1AtenJSeUlTTWg3cGlHZmJDZEtucFdYcVhvS2theVhsMg?oc=5,"J.B. Hunt Transport Services, Inc. (JBHT) PT Increased at ISI as Analyst Sees Transport Sector Rebound - Insider Monkey",,positive
ceo_articles,21ffde1e-0c5c-4206-8f2a-d1f273fe2963,2026-04-08 13:11:00+00:00,https://news.google.com/rss/articles/CBMiggJBVV95cUxPTmxpeHc0NG1iYXdXOVU1UnNBOUlidXB3blY4eGFhV0g4b0NxZEhyeTBaRlVmb0psbVRqenBnTFlscGFYSjNNaDFIRHVGVFRzSDNjVmM5QlM5eWVmLU5vME9yUGgxQmx5bEJRTERzaVUxMWpwVjh6QWpBMm55eUZLbkVWTGcwb2lleXh6cmp2RG9TeXJnUTJ4c2FleV9TNGw1bDVqMkl5YTc5QVROV29zZ25OM213UHQ4ZGgxUUc0M0IzUjZwMW1vTUxaYm9QRFBCaE90SzFkOWYwNWlqQy1HckpHRVcxbGpmR2UxdFpBcUluWjJOSzdEMDdIb2hqdEpsZ2fSAYcCQVVfeXFMUEVZY1ctNVBiNnZtTFgwQWhGLWZOMGpFOHBTQ1VvUVotQzkxd2FxOVdiUThwOElTNktIcEY3eUE3M2tzRG5RVmYxZzN1eTBwSHdiOXVqQTJnVmZ2VDlPdHY4V2ZzamdOcDFWQ1JJY2VuOGJTZXRZMG5xeVZjNEhacDBYLW91a3NxN1VrbjRZV25tdVVjLWEwaTJBN0x6QUhrNkRHbmtvcE00VUh1TUx2RWlmQUpSeHJOS0dVZlZKaWlEVWxfSlVCWExqTHU3QlBrMlFHZjB6MTVTNElhYmliMzRSd3d6NXVpRW92dDNMamtaZFowQ1ZPNHFhSWJwd3lRMHphTjZzY1E?oc=5,Meta CEO Mark Zuckerberg has a 'bold ask' for his engineers: Rewrite company’s code so AI can… - The Times of India,,positive
ceo_articles,0dbdc570-06b3-4306-9a83-3c58b7c4315c,2026-04-06 21:50:05+00:00,https://news.google.com/rss/articles/CBMikwFBVV95cUxQZDBPRXJmV3M2YThWMjFnWWNIR3cyaldjcmRmelpGSU1HNXB4cDBUV0NHQ1JQT2thaWRaYVU2enZod2VtOWY4ZFE1Tm9WU1RUQl9jZ2t4YUh3Z1FrSUVnejFkVTNLZ25taDBFdTFyRG9UTnh2T0t2a1FfZjRyUk9rem1YdzRjVnZmeVhHaGhtUjN2T3c?oc=5,"Cisco sizing up the data center space race, says CEO Robbins - Fierce Network",,neutral
ceo_articles,5b5fc3fe-e73e-496b-b755-7d368f48bc57,2026-03-31 07:00:00+00:00,https://news.google.com/rss/articles/CBMiygFBVV95cUxNZ2dmZXRFUXZSS0F5Vmllc0J4TUtQUW5fZHRheVgwRHF4bjYzaS1IbzFiS2lEVW9WSllZS2xYTHNnNjctNWNnaEFNQ0NvXzE4cFhBa0RXU2MyTGx2b29ZZWZBZHdxcmNaT2hsLWFzc0ZRLWR5RWFjOHNDOG5LbGxsRnE3ajFIVUVJN3RwZFRvUVJuNl9BM0ZtVG52Slcxd1JwWlFlXzlCcTJkaHlhWlpkV3doOWZseUh5b3NhQ244bVp2MGxQd2dOcE9R?oc=5,"Charles River (NYSE: CRL) details CEO transition, 4.8M-share incentive plan in 2026 proxy - Stock Titan",,neutral
ceo_articles,b8d8ef0a-fab1-4bda-8e3b-1077b51b06e5,2026-04-04 18:22:18+00:00,https://news.google.com/rss/articles/CBMicEFVX3lxTE5NNlJnMjZhSWpiTXVCM1FFajFvUGY5d2pQeVM3eWt2d0RsZFNlRGh0OXNRVHVuUFJpRy1CdlFzSW1oYjYxeERvbGJrbmZDbkM4eU1RenVPSElLOTBKazhUaWZSUDBTdUtXdldxQldld2k?oc=5,BREAKING: Trump Announces Trump Accounts With Michael Dell – Gamechanger For Kids’ Future | AC14 [fefa8d] - Fathom Journal,,neutral
ceo_articles,dec5bd97-41ad-41dd-99b8-f03ffa443f9f,2026-04-08 13:59:05+00:00,https://news.google.com/rss/articles/CBMikgFBVV95cUxNVkZoS0pYbDJGUTZMbFhYalRBQzJhZ1NteW9EOS02ZXVsNV9sVzN5R01TUVFrcGNkWG9paG80bTRXQk03NEw1OTVvWm9yZ00wMGpKLWw3R0c5dEQtalNCYlNvOFB5aFNKcEVsSktnb3hLeXBWVEo1dVRRbDRfVk40c1JqRklPeHFCTnA5X0dXRzFWdw?oc=5,Costco members may be overlooking this valuable feature - thestreet.com,,positive
ceo_articles,93441ca6-89d6-45c7-bb33-1b5054ada7c3,2026-04-06 20:30:28+00:00,https://news.google.com/rss/articles/CBMiqwFBVV95cUxPc0QzaUZmNU9pYXJPTlZpeEZOZUs5QTNqcFZSQU1WSnN5Z2RUTWlFbUxOS3pSWGFfb0lwT1pIRktxWmtOMkZGWktPQ05RUXRKOTA5Q3FVYUc3V3cxeVVJN3RwWUN1TEJLLXZweTVFTktnX3Z6WDdsalN3SFpEOUJnMVdhN1FsR1NFUVlQdnR1Y0U4TndZaW0zVzh2T2dtSk1yLTgyVzFhSlQxdW8?oc=5,"Berkshire Hathaway Suffered Its Longest Losing Streak in Over 7 Years — But Warren Buffett Said, ‘Berkshire Doesn’t Need Me… Everything Will Be the Same’ - Yahoo Finance",,negative
ceo_articles,0961c5e7-4e5f-4691-9c62-826a59162e60,2026-04-08 17:31:49+00:00,https://news.google.com/rss/articles/CBMiZkFVX3lxTE9IOGxwbDJXY3JOcGEzR2tpTlEtWGt5c0hPNWtiOXI5ampsT1VqUG4xcUM5cktsWENMTW5fQVl0RG80QXpnS2h1ZUR5aXZ3eFZxVTAxczJnN2d2NUpUMGR2VEtUM25Qdw?oc=5,"Paramount Gets Back Into the Book Business, Launches New Publishing Imprint in IP Play - IMDb",,positive
ceo_articles,0ba8ba1c-4117-41e4-89e5-ed4e06558bfa,2026-04-05 01:12:17+00:00,https://news.google.com/rss/articles/CBMiwAFBVV95cUxQVHV1ZWhwbUhUckJCZ1pOd0t0RXdlUW92bXdIQXFpOE1NS01FVjZVNXp6MWNmY1JlS3dGTklrQkRRU3JuRWUtS0NvQVh3elBJdUtmU3BUdTNyUE9EZFhSSDBvSTdyM2tpYUs0WE91LW9BYy04SkhpSG9hQjBDcS1WbUtoSlJWUjEtbmtLNGhpSWtrYzFLcjVNajZpYnN3empYM09ZanRUbVg4WjVqWXFCQnVmZzBycUpmWTJOLXZIb2E?oc=5,"Chewy CEO sees resilient pet industry, expanding profitability in 2026 - MSN",,positive
ceo_articles,0910c174-fa3a-4996-918b-02f3ac85a310,2026-04-01 07:00:00+00:00,https://news.google.com/rss/articles/CBMiowFBVV95cUxQX0czNWcxak5Jc1hLaW9nRU1PZ3RRak5IZEdSYmk2ekVUWWdaQWNUQVdEXzZNMkZscHhtQmZPbXM4MzVoMi1VZ3R0TGVPMlhsdXlneFZRZmZBbi1iZ0JZMGVLQkE2bnBoWDZ4am9oZ0tRVHZlZTVCYWZ2TktheDV6LU1hU1ZxNUE3c0JsNjdpdmRiVXJsZG9jRFdaU1FZLXd6c0xv?oc=5,Microsoft and Chevron enter exclusivity deal on powering West Texas AI data center complex - Fortune,,neutral
ceo_articles,e13007ba-e740-4f1a-b6d6-1e3b3e4e9676,2026-04-07 18:04:00+00:00,https://news.google.com/rss/articles/CBMilAFBVV95cUxPRldrOE85aXlibE82U0NCSXdaWlJvbW5NZlo3U0VRUnRuM3JvZ3Q3Z1pYMFFmeVQ5UGFDeDUtOVZXZUlrbDNkeWExUXpFeW4zU1U5UzBrQUQtajBPMk9CQld4YWRlcFhYMkNqNFpSVm5PZVpHQWZ2eDdLU3RvbU5MQVJXSkdhRFlvV01QTVdId1BzbmdG?oc=5,JPMorganChase CEO Dimon warns of flawed Basel proposal - American Banker,,negative
ceo_articles,bc024141-0c04-4f9a-8954-2201eed18c15,2026-03-30 16:51:00+00:00,https://news.google.com/rss/articles/CBMioAFBVV95cUxOa2Q4VDdtcTd1czdFSERGcU9taW5xTkJMamVPNndudlVvRnJ1ZndmQTUwMjk3ZmVCdkFRRTJaUW81SHdLWjZ4SWxZLTlTT3BFQlNlU3RCWlFfaGVhbEhac2JhcTZyaUh0a1hlRllUckFYblVCekJKWS1lWjE5Tkk3d09FZlFzV3RwTlhqd2cwX3g2MlBqNWQtRjN2a24wN05V?oc=5,Elon Musk is escalating his feud with a Delaware judge over a ‘heart’ on a LinkedIn post - Fortune,,negative
ceo_articles,dd000ea8-0b40-4e6b-95e8-758ab8b869f0,2026-04-03 22:30:32+00:00,https://news.google.com/rss/articles/CBMi6wFBVV95cUxOTlhaTlE5TjlFMUw0aGgwT25GWERwclNsdUY2TTFEdzF5WnVPdEhxNk52eGVIeVl1amJoUUNQYjhtUW40YmJfdElLLU8wdkZReTlfWnd6bV8tb3BhbExaVVc4ZzQ2bzlaM0RucEJ0cXVuNF9YNHJSczBYcEg1LUpZTGZFRmdDWHdOeTlNZ1dyT0luWUdPM0E2bkpmN3BheXdXX2ZRY25yWTNxWHdVTXJWVWhnS3lONVJDaGdZQzdXcGpWNUFkazNNSTlUZXJNYzZyNlAwY1lRUENnODFUck1WelZnakZYNW5kbkhj?oc=5,"Salesforce CEO Marc Benioff on AI layoffs: Most people don't really understand what is going on, it is… - MSN",,neutral
ceo_articles,5b454e85-31a7-4a00-9a54-96f8f1d36ca2,2026-04-06 14:51:00+00:00,https://news.google.com/rss/articles/CBMilAFBVV95cUxQc2lMM3luN3MyMnhDOVdmRm1ZNzdVMmZQSDhyWXU3X2FGQXVkek4td21TZzZhNzRYM29XdGhubElvd0RYYnA0YTRPZ1JRX0NVZXVsNXBuamF3aGg0RldzRGRvWWt1M3BXcFh0ejRmalhUV05DSkQzSnYyNUVEelpKN1c4ZUNoWnp4TDUzMzVsZ0E0ZUwt?oc=5,"Ford CEO Jim Farley, Stellantis CEO Antonio Filosa, GM President Mark Reuss, Group 1 CEO Daryl Kenningham headline expanded Automotive News Congress - Automotive News",,neutral
ceo_articles,6c84e52a-f3de-4546-958f-8e66c97b5cad,2026-04-02 14:11:08+00:00,https://news.google.com/rss/articles/CBMihgFBVV95cUxQLUpJUE8yWURDWGVKdFRub00yMDNwaURqQ1MxS3hILUhFTjU3T3pyU3c5WEZrVGE4ZlhDOTd4T3AxTmVoaDFSaElDX29xR0VrcVh1Vkw4TGJiSTNDYnlMa1ZYa3Axc2hLWUowQk1CanRnY043S2pqNUhtbXE4V3BQZnAwdWF0UQ?oc=5,BJ’s Wholesale Taps Sam’s Club Veteran as New Chief Merchant - Store Brands,,neutral
ceo_articles,fd5219da-8fdb-40e3-a7ed-54c7b9b778b0,2026-04-03 20:13:27+00:00,https://news.google.com/rss/articles/CBMisAFBVV95cUxOME1CVzNrSWlBWnJka3JoNEFOeTVlOUJBXzMyaXQ5aTY3ZkNJeUVvQTNEcVhCRUVScHV2b01acjZDSGxZbVM4a3otcWljLThUY3pOY1BpdWNlQWJYN2pvcnlwblVxYVNKMnBoNG1IZGxvNmkxTVM1b0Ffenk5d3N4N3E5dFFhWEZBQ2ktS0xMUGNzUnNzMnAySWhwN2k4YXUzX1gwOVdlNE1JUnNxcW5hYg?oc=5,Analog Devices (ADI) CEO sells 10K shares after option exercise - Stock Titan,,neutral
ceo_articles,545a69f5-9710-40fa-af87-4bb66ce38298,2026-03-27 19:44:51+00:00,https://news.google.com/rss/articles/CBMilgFBVV95cUxQQnE2VTdyUGJHUHpLOUhvNV9KV0dUODczUkI3a2VPUzYyZU1VTm5zTm1jRUszOTNGUEVPZ25nb2I1dFRqUzRlaWxIanFBdGxYRnhkMWNESUtJYlQtdmt6UkZlaHkwZWVTN1dsY0VKWmZTbGhDd3ZzZTRORU5tRzEtbkdqOGxwSVJJcjV1eFRhSGlMcjhSNHc?oc=5,Alaska Native Leaders endorse Senator Dan Sullivan’s Re-Election - Delta Discovery,,positive
ceo_articles,676f96fd-1729-4ef2-ae2a-a10da39d0ffe,2026-04-01 22:47:28+00:00,https://news.google.com/rss/articles/CBMitwFBVV95cUxOT0lCN3h4aXFaSFBvd2xjdkhHYm5MYkZpckxpX0R4QlljdzZTOVE0N09oSzBiMmdhVTZTSXdiZF85R2NxVVBfQ1plckhqdHlfcTFTOXRLb2VTdHo0aVpwUTRZN0Z3WWZHTnBNLVJDdGdkaEZrMUhDckYyR2YwWWpuUGVwTHcwaXVTd0dSNkE3aVluWXNMN0J6WjEyekJmQzJxcjl5Z3BuaHUxWEktSFdVLTI5ay1yX1E?oc=5,Exclusive: Intel looks to put millions more into SambaNova startup chaired by CEO Tan - Reuters,,neutral
ceo_articles,b40c2c5c-71b1-4bc9-b75d-b029c7778a4d,2026-04-04 21:44:39+00:00,https://news.google.com/rss/articles/CBMicEFVX3lxTE91aUpjWVhaS0dsNkFFSmJWNlhiN1NKUlppNEplU1FUZEVBeC1fUGVNdFUwajVuS1RBTGxSWG15UEprbFBsWjdObFBGNWpJQVRsX0h4WF93U1BwWGJjcHZGNHlLaGgzTG85WFFkY3R4UzM?oc=5,Michael Dell And His Wife To Donate $6.5 Billion To 'Trump Accounts' [c313c7] - Fathom Journal,,neutral
ceo_articles,4ecbfa97-2d15-4346-8cd6-d1ededd355bb,2026-04-03 23:47:19+00:00,https://news.google.com/rss/articles/CBMie0FVX3lxTE02Y1MyaU0ydzBCMjhxOC1pejdWT0VnRWV3dnFUTXBHYU1mdzZ0dlIySkM4eUhxSVM4cGpZcjc5aDRNclZONnU4SjlRVHZRX1ZLMWRZamVmclIzVkZxRjQwS05BWmlSM2pSQktWMGstVV9tS2trc2k4a2xSMA?oc=5,Starbucks closes five new stores in Seattle - AOL.com,,neutral
ceo_articles,0a994758-bc42-4d80-8e86-08c3d528843c,2026-03-31 11:00:00+00:00,https://news.google.com/rss/articles/CBMisgFBVV95cUxQSTNhOHhWcHNtdXU2aThkaWVTeUhRbEFWejJtN0JINDdVS0JBYkdoRlN4ZGNHRDQtS3lSV1R1N2xCQmtPdFJOVEJfQ2d4aW5QNjRVakVPamZ3cnphaUI2RmpvMU5jak9fWkZtMnlyZmdlX1hxY2huNDRrRi0yb1pVdGFyWl9jLXgtNXMtYVNHZDQ1S0hFX2Z5ekpDX0E1bnV3U1JURS0yQVFCbGRWUU1CMEJ3?oc=5,"Delta, Amazon Leo sign agreement to deliver next era of connected travel and digital experiences - Delta News Hub",,positive
ceo_articles,cfaae99a-dd98-4845-a396-58718d696730,2026-04-07 21:05:27+00:00,https://news.google.com/rss/articles/CBMivAFBVV95cUxOeWJTVHhYSDRKb0FjSkN6Z1JhemdTalZmSW5SdVBndV9ISGxOY25zOWlsWHBlTG1YaUN5d25fcFMxcnpJM2tKX2RIbTJrRWtXWHRlNGpnRjBfclIwLVoyWUtmMGZ3Y2Z4eklKREVhRGNjM3M2endhWnREalZtWHc1cS1WVFJCTzNWU21xOWF6VXhLM1JraGlMMVI3UmNkOHlkZzRSREJjaHZYQXR3QThvakRSNDdRWm5uTDJ0ag?oc=5,Intel Is Joining Elon Musk's Terafab Project. The Deal Is a Win for the US Chipmaker - Investopedia,,positive
ceo_articles,4f1972aa-c518-4f6f-80f9-f7cfb661269d,2026-04-05 13:10:33+00:00,https://news.google.com/rss/articles/CBMi5AFBVV95cUxOWE82WEprZ3Uzb2x4OXVhWGhFZnFKZmJhMjBYWXJKN0EyMzVXOFBXN29CbkcwVFowNTJqa1dDV25BRzJDdExHdFhOVTdkblFGTmt2NTFKU0YyY2pyTTdvbnEzanlQQ2k0emxyQTU3Wk03Wk5qWlgyVzc3MHRraFRTODVUdUdWUHQ0VFdEaDBGS0xFY3h3ZEk3aTk5NFpncllKVXVTOEd2bkNzNjBVUlJnUzMyYk4tV2FNRXR3TGFMRko3dWxBVW91eVA2ZktBSFdXN1VneTJoTGVhcU1ESF9RYkgwVVk?oc=5,Qualcomm enters coalition to ensure 6G commercial systems are up and running by 2029 - msn.com,,positive
ceo_articles,0d6ea284-6f0e-4437-8bdd-9648721d101c,2026-03-27 18:14:53+00:00,https://news.google.com/rss/articles/CBMirwFBVV95cUxNWTUzZGVIUTVTUFNLNG9rZHFFZEU0RUI4Q0ZCN282RjBIdXlfemg4Z1k1THIzcXR4cUQ1Q0lBbE9HdThmTUNxU19zaS00U2tSQ3gtQ0NJYkxGenlMbXg2elkya2NKSncyYjZvRXZVaEk3MENuVUlVLVAyOVZUV0ZsMF9SeGxnWVlQSlNFYmZpdkdFNmoxSl9uODFVR2tIb0V6OWJ3ZXpBZFR3VnlZNk5v?oc=5,Energy Security and Energy Dominance Matter - Energy News Beat,,positive
ceo_articles,4448719e-65ab-447a-a0e1-78b8e67b8331,2026-03-31 16:02:56+00:00,https://news.google.com/rss/articles/CBMitwFBVV95cUxPLTVaWFFBb1JJdm9ObnVTZ01XaEw3Rk9JUUQ0NFdrM00zMk1wbVNmVmRMbHQxaU5hSndmRllZOFVZQXFibVFUb3A2WjBuTE5SYjVfckN4TXFKazZqVnR4LURPSmtHQ3hHUDQwM2gwU3dobzZLY2p0cDVLVjc2OGhZdHBETzVwbkd1aHE1NTJFNjZXREY1MlBaVzZ5UzJzRERCclB3TW42NFg4NlZ5alAxNGZ4cXNxR0k?oc=5,BrightSpring Health Services Completes Sale of ResCare Community Living to Sevita - Behavioral Health Business,,neutral
ceo_articles,0b560f5b-30d1-45ad-8ce0-f332ffaaa7fe,2026-04-05 09:53:05+00:00,https://news.google.com/rss/articles/CBMizgFBVV95cUxObktNal9sU09ldllkS0pXR0x1ZXd5Qkp1Wm5fcE96djBadlRNRWhia0lERlFxRUpCa0NkbFhsZEhrTVJDTHRCS2JoWkExZjM1TXJURFBKSkVKNVk5TXF1VkxqUFRKY3Nid2VVeTlJejlLYUIwdFh4Ul9pY0w1X2pZNkEwNWNPM25lVG55a0V6QTRzcFhET1lDX1hIOHFPa2JCOWUxTG12eG9XaDZ5LUMxU2tReF9SMnN6Y29EUUFTLVdsN3VPeF9oLWVMRkg1Z9IB1AFBVV95cUxOZDZDSzV6bm40QmJaZzFlc0hRV25HdlNSVnhDYkloVGxEOWVETjJPZUtzenlhVmxyR0hHbU9lTXJlTEJGUlhoMHlyMXNMcFN2WG1xaTFGU2dJVy1UUTFqUG5aVERZcU1fQkNMRk5GN2hoQUFtVE1BaTA0d3lYXzUwd0RIYzZjc25nTFVTTEQwZzl0bG1GOUhMR2VWOF84M04xTWJCVkZGd29UWTlxeUR0d3FhZlFzTGdXc3lPUjFUNnI1OU9JUnhRd3BRWWRzbV96ZjRsYQ?oc=5,"Airbnb CEO Brian Chesky on Success, ‘Sleep is non-negotiable, not 4 am wake-ups’ - The Financial Express",,positive
ceo_articles,2cb5fffb-27c3-4bd3-839c-390b677548fe,2026-04-07 18:10:28+00:00,https://news.google.com/rss/articles/CBMi2gFBVV95cUxPUXBQVzNYLVdINEEzVElJRGJ6NWc0QzRWUDNTSEk5Q1RaWWU0c0Y2QXdPZmwwbDZZUnZWMnQ4VnQtQmRGY3NtZDVSdjhyMjczUENfc2tmeUxsMG9STUZkNnV4WDFTQkpNd3ZCOHVLWjdobXhzS0ZRNjJyNV9Dcm5sQnctNzhWTGhSRF9YSVpFWExNUU84UGNUQlBKaUZFOEJrU0tQS2RMcU9VQmlEckcwelVwbmJ4OTdIOHJkYTUxTDhFUUtKRlFuQnNyQTh1cFJQcEdGZGE2MFNpdw?oc=5,Dell Technologies CEO Michael Dell Sees AI Servers Scaling to $50B as Demand Stays Strong - MarketBeat,,positive
ceo_articles,b33b2068-f640-470b-ac41-d4b69fcb3134,2026-04-02 06:03:58+00:00,https://news.google.com/rss/articles/CBMiT0FVX3lxTE9GSFcySmVSazVaeXdWY051SFlwZk0xVEVLVzFZWm9PNDNrTndfV25Pbko1VDFiclJzVHdZT0FPWEJHNHpmckZaXzBpSE53TjA?oc=5,mega Wall Street IBs such as JP Morgan Chase and Goldman Sachs are showing interest in entering the - 매일경제,,positive
ceo_articles,ad4acb33-d4e0-4b70-b581-674ff9c0b082,2026-04-06 15:20:37+00:00,https://news.google.com/rss/articles/CBMiswFBVV95cUxQZldTVjhJemUxMjV2anhpSEdXSkp2dm03MEM3QVNIS0VFQi1Lc05IMVBVaDNwbjZfSlR6YllFVmpzblJMWVZfLTk1TUFFSTFtb2plX2paNFRKUjBhQ3dqOVRZM0s0NE4wUXE2YWF2dkJVZFZBNk1pUEZGc3NPODZjSzBfSlhwMWg5WElOcFdwd2pJTzNteEVHbEd3UndjcDJ2YjhreHM2S0o2YXJlczRwUnRuWQ?oc=5,"Private credit losses may be larger than expected, Jamie Dimon warns - The Times",,negative
ceo_articles,0408883f-b3bb-41ea-a6d5-f7518c239766,2026-04-03 20:37:02+00:00,https://news.google.com/rss/articles/CBMiywFBVV95cUxOUXBrOWs2MXo1VW4xb0J0Snd0RVZ5UnRUMXd4YXhRTmlsX1RRc2JnQlV4V1JyMUFoeTl4Y1otd2VaZ3dCOGlDbTd0TktYM2pYcm9sLXVuZlJxek03bFM5MURNcUsxNEI1azM3MF92YmhQN2JLeVdmdDBXRWJlanF1cXljdWxHQm0yaW4ycTA5UG1GVXBhQVFSZU9HU2NLenpucU5hMWN6TTRFeUswWVA4LTNGbDZ1REdGb19hY2FTclhRSlpDalAweUZPdw?oc=5,"Roche Vincent, Analog Devices chair & CEO, sells $3.18 million in stock - Investing.com",,neutral
ceo_articles,c91f5953-ca28-43cb-baa0-29841b6569a0,2026-03-31 08:47:10+00:00,https://news.google.com/rss/articles/CBMizAFBVV95cUxOem5qeGRXN3N6R0U4QXRKNkFhWEhJOUNKNVB0SjZmOWpsS2NNdHlDT0dnUm5KMUctTFlhUHdyOV9VOHJjVjM1bV9CRkwtdVdmS3R2dW5zdlM5TGR0aUhrVGJaY25OMEtlTjNEN1Q0dVlZNmlHd1JjQWpZWjdDLTlHVFBHaWJOeXJDZzVXZUFqUUdwX1kzRnBlV3lwT2tYSEhacXJOZFpaUDlkVDk0YVlKaUlyRzdYekVqUmdmUm5FMC1kT1JIbTlBWDlLZmo?oc=5,Blackstone Closes Record $6.3B Life Sciences Fund and More APAC Real Estate Headlines - Mingtiandi,,neutral
ceo_articles,7ed81e99-a01b-4c6e-91c1-9656315b1a74,2026-04-01 12:00:00+00:00,https://news.google.com/rss/articles/CBMivAFBVV95cUxNNno1aExtaEg4Z1B6d3dabUppSXgyVl9zTGZaRmNHendSME9XMjl3TFVVclhYOVJuaHRtcTVGdXdJZnl4Rnd1Z3JvdERWUFNXTDhSN0NKaUZaM1Fzbkw4WDFtclc1OHB5eS1DZGxDc2I0Q2JZczN5M21mTmU4MGlQZk1TMGcwdU82U1FQczFNV2dmcm1tX19UVHZZN0RsNUFNT2hSMFBSSjRtdGNYNEhGUmNfOWowc2ptckxybA?oc=5,"Clorox Completes Acquisition of GOJO Industries, Makers of Purell® - PR Newswire",,neutral
ceo_articles,978d215e-1d76-44f8-87b3-2a98ed1f6dc1,2026-03-30 13:46:00+00:00,https://news.google.com/rss/articles/CBMipAFBVV95cUxPenRmNHNwWmJHaTRxc1dKMDNOeHd6UHRxUUZINGFBR0lNaVlUMjFtQjdDVEo4RmdTaEFnSm9VWG1oME9wY01BZ2JNMHd5TWRxR3VRY18zWVZDM1hCSUc2VVVzZVNLTW95ZUZ3OHpNUGdXWTJESmJWNW5EN2NDVVNSSkxqVEswc1NlVmhucVJjcmhfTmtzbkM2QjRrTzRIemx2Nm4xSQ?oc=5,Xerox Appoints Louie Pastor as Chief Executive Officer - Ink World magazine -,,neutral
ceo_articles,9e4b6a8c-b420-4308-94e3-fd34530ba87e,2026-04-08 17:53:02+00:00,https://news.google.com/rss/articles/CBMic0FVX3lxTFBJcUlUdTZZVGhmVk8wTXh1WmdYZjMzNGtJcXlSUUV2a05BZGpHeDNFUWEtQ2FZYktxYkxHUlRwZEFxeGEtVVhHUThlS0JOQ3AtYjZoTWVsd0Z2Qkdhb1NjN01VaXNmcFRxOGxMWmhxUkhpTlU?oc=5,Sheetz expanding into Indiana with plans to open 100 stores - CBS News,,neutral
ceo_articles,fe4b1faf-9abb-4b8c-89f6-3fca0523b864,2026-03-29 17:50:30+00:00,https://news.google.com/rss/articles/CBMiZEFVX3lxTE5BbE1EWHN4MlJpQk1YTGFLblJSckNMcmlNRnl6eWFkU1RHXzB3ZlZLUXdsc2lkMVh5NWstekJzMDRDd3JBRE5IVU1ObDhEd1hFYXdlSHJ1RWI1UTNySUZaVjE2blM?oc=5,Nexstar readies FCC applications to acquire Tegna stations - IMDb,,neutral
ceo_articles,a9645000-330c-444c-995b-49c69a41c64f,2026-04-09 09:58:41+00:00,https://news.google.com/rss/articles/CBMiwAFBVV95cUxOcWEyQjZUaFR4UFNyUUNDWU85NmtUcEZZbms2RWl2QU1RVC1aRXVfUl9xQlVKaUNiOWVrY0NQbUtqTk5oYVVaUG44SExUeVhzUzEzblZ5ZHRVajN2akFyRUdTVjgzeGVVR3RzRnVUNmpyV0NIVW96dXR4QVFWeDBxaUN6UzNUa3MyUVF6UlFaQnRmZ1F5eFlPN2szR0JsNDhJdGJvX2NjZjZ3el9ReFFjSzUxZktEZHhJWnc2YlNaOVA?oc=5,Bed Bath & Beyond CEO Pulls Opendoor Into ‘Everything-Home’ Platform Pivot - Stocktwits,,neutral
ceo_articles,74cc0cd4-7549-4008-9a1c-c0c32e904685,2026-04-01 07:00:00+00:00,https://news.google.com/rss/articles/CBMiWEFVX3lxTE5CQjk3TWRVazJTb3RtY3NJUjFSb3dPaDMtaC1qUDJKQkRBNV9vM2FZWU9jTi1HenVRQTlILVltTEtlWkE3eU1HNHlJaFI4LVQ1SXFSVXIyN0I?oc=5,"Tri Pointe Homes (TPH): Company Profile, Stock Price, News, Rankings - Fortune",,neutral
ceo_articles,d8f3fd06-cd10-4fbc-ae1e-3f115b9f1d81,2026-03-28 13:25:34+00:00,https://news.google.com/rss/articles/CBMipwNBVV95cUxPeWhCbmo1RnZ3M0syVW1oMlFOOVlzaG84d2UwTHc5aUxseFF2MHJZQTVJZ1R5VGhwNXVjcHVhQktmc1lDR3NmZUktMFJ1SUdDcExvTWpnb0UyaXhGYndLUVEyTE1pemVqaHpyVmVvVmIyZjFYYWtIMExuZjdTaUNxc0E3TG5KRkZJSXduTTFBSENJMHZMNVoyUmVFaGlMaC0tZ2puN2xsOVVJVWlyU1d5cS0ycU9YUzQ4d2hpNElORGo5R2ZlQ3lXb0c3NEt2VmpXSU1VYkhaSjFtZnlSSzFZVEI0Sm93ZUZGcllGYWlOWnM2SWFfTk5XbmdDMXhpbUVZLVE1cy05SHV2TUcxUGlqZ0puOVM0eWYtQWdjOGNKZEs3aFhiMmpTUllKWTQybUVzeVEyVlBnU3ZDMUpFbHZGcVVQaFRpd1E5UlZHajdVeGFUa3EzSE9MZUZZRTVZMnBsdUwydFNCZ3I0ZnA4aXRvR0tIYlBIajhUZ0tzTzFOZlpWZHhWeDFDd0lDbG5HZEFJZ3JVb1h0WHQ2UkxmTnBROWF0Qmc5WmM?oc=5,"Amazon CEO Andy Jassy says AI will probably mean fewer jobs after 27,000 people have already been cut from its workforce - MSN",,negative
ceo_articles,1e44302d-f2da-472f-a0e9-3a04175c0ff6,2026-04-02 05:49:13+00:00,https://news.google.com/rss/articles/CBMiygFBVV95cUxPd0NwS0hIRlJjUWdpelBxUjJ1MHlrMEp1WGxlbFRJQlJ1eEhuOWJWZmhSdmRuOXo3WW5sNjVPOFNhN2FYaE5vQTE4aE94T1RiMWNmdDMyZXQyWkxMVjN4UFZENU15QmtzLXk4VXFyMG96MnFkZV9KUkNwSVRuOUczYXE0TTR2Qzk4Mm5mSGNoVjlQOU0zRzRHVkJ3OFlQZzA4Q05FTDl4dl9uNTZwb3dESUVFSTNjTUxzZ29DMmFyTUJVWGdwaEhOZmx3?oc=5,Robert Half recognized by Fortune as one of the 100 Best Companies to Work For® - Sahm,,positive
ceo_articles,2efa9cb1-d2a2-4fe0-89ed-ffcdf959b70f,2026-04-03 09:06:21+00:00,https://news.google.com/rss/articles/CBMic0FVX3lxTFBabkxodHRLUmtGMXhsdDF2RWR5WFlPMnhCUTExeTZnS0JwZTNfU3M1QTQ5RGJkN3NydXpNSHl5WTk5SGMtMUR3OGl3LU0yRmZkMFhfMFdnOWp4LWxXNnoyc0xwYzhXdnMxLTRzaklreVlwX2s?oc=5,"Is Oracle Cutting 10,000 Employees? - Business Chief",,negative
ceo_articles,6ff66521-94db-489e-ae97-0c622b850cb7,2026-04-03 15:36:00+00:00,https://news.google.com/rss/articles/CBMiggFBVV95cUxORDRMVVJfSk9Qa3JiZTYzT1VfcWhYS0l0TndwVlpiLXdkcEpveE9PLUplTl9lczVMRllwekdNVzdBeUV2dnVTYTNTRFJUVnlXaEZhd2xoaUdBc2tPS1AyRmtxSHVqbmdyMXZqb1JJOGJnMFlsTDg5UEtCVWMtT2JuZGVB?oc=5,Red Lobster is reportedly bringing back Endless Shrimp 2 years after the CEO vowed it would never return - Fortune,,neutral
serp_results,538fb1d5-4393-40f8-8a80-c7471695f3cd,2026-04-09 00:00:00+00:00,https://www.stocktitan.net/sec-filings/AGNC/form-4-agnc-investment-corp-insider-trading-activity-c1528fc25770.html,AGNC CEO receives 184977-share RSU grant,"AGNC CEO Peter Federico was granted 184977 restricted stock units at no cost, lifting his direct holdings to over 2.19 million shares, ...",neutral
serp_results,7e710ea6-af87-4f27-a66e-c98059ec270a,2026-03-30 00:00:00+00:00,https://www.zoominfo.com/c/micro-electronics-corp/45155779,"Micro Electronics - Overview, News & Similar companies","Micro Electronics Corporation , based in the heart of Silicon Valley , was established in 1975. The company has been the distributor of Micro Electronics ...",neutral
serp_results,98b7fb22-b9d5-4278-bf5f-2d1195cabcb7,2026-04-04 00:00:00+00:00,https://www.graniteconstruction.com/company/leadership/kyle-larkin,Kyle Larkin,"Kyle Larkin, was appointed Granite's president in September 2020, and as chief executive officer in June 2021. He is responsible for the development and ...",positive
serp_results,edf1bc6f-06e7-474c-8346-2309cb5971c8,2026-03-31 00:00:00+00:00,https://www.businesswire.com/news/home/20250903329754/en/Armada-Sunset-Holdings-Announces-Strategic-Integration-of-Brands-Chris-OBrien-to-Become-New-CEO,Armada Sunset Holdings Announces Strategic Integration ...,Armada Sunset Holdings Announces Strategic Integration of Brands: Chris O'Brien to Become New CEO. Share ...,neutral
serp_results,8ba18939-4d05-44bc-bbde-9df6fe5231ba,2026-04-09 00:00:00+00:00,https://www.linkedin.com/posts/neil-hunn-265a2443_roper-technologies-strengthens-ai-leadership-activity-7393768608801181697-hKe6,"Neil Hunn's Post - Roper Technologies, Inc.","Excited to welcome two new leaders to Roper Technologies, Inc.: Shane Luke (SVP of AI) and Edward R. (VP of AI Engineering).",neutral
serp_results,14e9a100-569b-4abf-8f7d-cb623207d624,2026-04-05 00:00:00+00:00,https://www.pplweb.com/,PPL Corporation: PPL Home,"We are focused on creating utilities of the future – utilities that are stronger, smarter, cleaner and technology-enabled to drive value for our customers and ...",positive
serp_results,0c104b9e-a01e-47d0-8949-4c9de7e75d1c,2026-04-05 00:00:00+00:00,https://www.bloomberg.com/profile/person/19724753,"Tom McCormick, Primoris Services Corp: Profile and ...","Tom McCormick is Former President/CEO at Primoris Services Corp. See Tom McCormick's compensation, career history, education, & memberships.",neutral
serp_results,414e58f5-d087-4f4d-8291-3bb1647d7b25,2026-04-05 00:00:00+00:00,https://www.plastipak.com/leadership/,Our Leadership,"Ed Morgan. President & Chief Executive Officer. LEARN MORE. Michael J. Plotzke. Chief Financial Officer ; Thomas Busard. Chief Polymers & Recycling Officer,",positive
serp_results,873b99ff-4798-442b-8e32-d79e4f2c6ccc,2026-03-28 00:00:00+00:00,https://www.prnewswire.com/news-releases/cooley-announces-rachel-proffitt-to-succeed-joe-conroy-as-firms-next-ceo-301930695.html,Cooley Announces Rachel Proffitt to Succeed Joe Conroy ...,"Cooley announced today that Rachel Proffitt has been selected as the firm's next chief executive officer, effective January 1, 2024.",positive
serp_results,259c2f0b-3198-42ba-b2fb-f1d16012dae1,2026-04-06 00:00:00+00:00,https://www.linkedin.com/in/irabirns,Ira Michael Birns - World Kinect,"Ira is the Chief Executive Officer of World Kinect Corporation (NYSE: WKC), headquartered… · Experience: World Kinect · Location: Miami-Fort Lauderdale Area ...",positive
serp_results,965c35bb-2866-421f-a9f2-683c4a9759a9,2026-04-05 00:00:00+00:00,https://www.yelp.com/biz/guitar-center-mayfield-heights,"Guitar Center - 1547 Golden Gate Plz, Mayfield Heights, Ohio","GUITAR CENTER, 1547 Golden Gate Plz, Unit 109A, Mayfield Heights, OH 44124, 13 Photos, (440) 720-1440, Mon - 11:00 am - 9:00 pm, Tue - 11:00 am - 9:00 pm, ...",neutral
serp_results,2f287de4-8141-4a51-9d5a-d8eec6c4a4c1,2026-04-06 00:00:00+00:00,https://www.chicagobusiness.com/health-care/ccb-abbvie-ceo-michael-compensation-20260312/,AbbVie CEO Robert Michael got big pay hike in 2025,"Robert Michael, in his second year as CEO of pharmaceutical giant AbbVie, pulled in $32.5 million in 2025, riding strong sales growth and ...",neutral
serp_results,8e7307a2-1003-4aeb-9b6f-ca4816fb7437,2026-04-01 00:00:00+00:00,https://www.cooley.com/people/joe-conroy,Joe Conroy - Partner and Chairman // Cooley // Global Law ...,"Joe Conroy is the chairman of Cooley and leads its board of directors. Previously, he served as the firm's chief executive officer.",positive
serp_results,96597e6e-780e-4ccc-8a05-3ea48ac38ee7,2026-04-08 00:00:00+00:00,https://www.hilmar.com/hilmar-announces-ceo-transition/,Hilmar™ Announces CEO Transition,"Hilmar Cheese Company, Inc., President and CEO David Ahlem will step down from his role early next year.",positive
serp_results,28fb7150-f637-44fa-abed-307864b20b3d,2026-03-28 00:00:00+00:00,https://www.scoular.com/who-we-are/leadership/,Leadership Team,"David Faith. President & Chairman Omaha, Nebraska. CEO Paul Maass · Paul Maass. Chief Executive Officer Omaha, Nebraska.",positive
serp_results,67a9030d-23df-462c-815e-31c184dad674,2026-04-02 00:00:00+00:00,https://finance.yahoo.com/quote/ON/,"ON Semiconductor Corporation (ON) Stock Price, News ...","ON Semiconductor (onsemi) is facing market challenges, with a recent 12.23% decline over the past month. However, it continues to innovate, ...",neutral
serp_results,5046f3be-d5e1-4aec-a02e-38d1ad50fb06,2026-04-01 00:00:00+00:00,https://boeing.mediaroom.com/2025-12-08-Boeing-Completes-Acquisition-of-Spirit-AeroSystems,Boeing Completes Acquisition of Spirit AeroSystems,"ARLINGTON, Va., Dec. 8, 2025 /PRNewswire/ -- Boeing [NYSE: BA] today announced it has completed its acquisition of Spirit AeroSystems [NYSE: SPR] ...",positive
serp_results,0ac19d06-54ac-4f7e-a65b-480c4bf193e3,2026-04-07 00:00:00+00:00,https://investor.hayward.com/governance/board-of-directors/person-details/default.aspx?ItemId=66837539-3cc1-4487-96c0-3b49227ec4e6,"Hayward Holdings, Inc. - Governance - Board of Directors","Mr. Silber has served as President and Chief Executive of Herc Rentals Inc. (“Herc Rentals”) since May 2015. Prior to joining Herc Rentals, Mr. Silber ...",neutral
serp_results,e67a2275-d991-4340-b502-5f10cdf158b1,2026-04-06 00:00:00+00:00,https://www.bloomberg.com/profile/person/15959872,"Robert Howard Coker President/CEO, Sonoco Products Co","Robert Howard Coker is President/CEO at Sonoco Products Co. See Robert Howard Coker's compensation, career history, education, & memberships.",neutral
serp_results,6a668177-ab9d-4aa2-a9cf-2247e04f764d,2026-03-29 00:00:00+00:00,https://www.linkedin.com/company/roper-industries,"Roper Technologies, Inc.","Roper Technologies is a constituent of the S&P 500 and Fortune 500. Roper has a proven, long-term track record of compounding cash flow and shareholder value.",positive
serp_results,e344778e-fac9-42d9-aeff-2c792700502f,2026-04-09 00:00:00+00:00,https://www.cnbc.com/quotes/CIEN,"CIEN: Ciena Corp - Stock Price, Quote and News","Ciena Corporation is a network system, software, and services company which provides hardware, software, and services to a range of network operators.",neutral
serp_results,bb2b2782-81ff-439c-9a8d-2e3d282067fb,2026-04-04 00:00:00+00:00,https://asplundh.com/scott-m-asplundh-1957-2026/,Scott M. Asplundh — 1957 – 2026,"Asplundh, former Chairman and CEO of Asplundh Tree Expert, LLC, passed away on Thursday, January 22, from complications of ALS. He was 68. Scott ...",positive
serp_results,d3f4e90b-a466-48ae-8bf4-b549e5b87c97,2026-04-03 00:00:00+00:00,https://www.linkedin.com/in/ira-silver-cpa-cgma-28015b11,"Ira Silver, CPA, CGMA - Partner at MBAF","Partner at MBAF · Specialties: Automobile Dealerships, Litigation Support (inclusive of forensic accounting, business valuations, bankruptcy etc.",positive
serp_results,2f4b809a-dd1d-420e-89a4-7ee3df9b776e,2026-04-04 00:00:00+00:00,https://www.wsj.com/market-data/quotes/BEN?gaa_at=eafs&gaa_n=AWEtsqeWqW9I8GbvdcPZR2YCzq2E9oOHWlpbmy4j4X7_IAFzFRt-LJIuz0A4&gaa_ts=69d0c8fc&gaa_sig=UiL1MylQL4TN_VfoqWRTM6kMKGGXprb3g8Gp_WdxotrI8bR90qjPtTQ9Zs0usccbyIB410Ji_FyJ9T4C6uDVng%3D%3D,Franklin Resources Inc. (BEN) Stock Price Today,"Franklin Resources Inc. is a holding company, which engages in the provision of investment management and related services.",neutral
serp_results,cb533b26-9db0-466c-a118-f58113abd349,2026-04-02 00:00:00+00:00,https://www.instagram.com/primservices/,"Primoris Services Corporation (@primservices) · Dallas, TX","Premier specialty contractor providing critical infrastructure services to the utility, energy, and renewables markets. #ThePowerOfPrimoris. Follow. Message.",positive
serp_results,44d817fe-9f70-4641-a0e1-dc680b27392e,2026-04-03 00:00:00+00:00,https://www.bench.com/,Benchmark | Advanced Electronics Engineering ...,"Benchmark provides full product lifecycle solutions including product design, engineering, technology solutions, advanced manufacturing, and after-market ...",positive
serp_results,51139322-75f5-41be-81f1-75eac0508995,2026-04-01 00:00:00+00:00,https://aflcio.org/paywatch/AGNC,Peter Federico,"Peter Federico. AGNC Investment Corp. (AGNC). Bethesda, MD. Total Compensation for Fiscal Year Ending in 2024: $13,098,200. Salary, $900,000. Bonus, $7,177,500.",neutral
serp_results,5cfac71f-2e32-441e-8a69-07be9b8eca20,2026-04-06 00:00:00+00:00,https://engineering.wisc.edu/news/todd-kelsey-2020-distinguished-achievement-award-recipient/,Todd Kelsey: 2020 Distinguished Achievement Award ...,"Todd Kelsey (BSEE '87, MSEE '89) President and CEO, Plexus Corp. Todd is an exemplary leader of a Wisconsin‐based global company ...",positive
serp_results,6a3c2e7d-e1af-4b00-88dd-35faa5500ed8,2026-03-30 00:00:00+00:00,https://www.linkedin.com/in/david-zapico-18267bb0,David Zapico - Chairman and Chief Executive Officer at ...,Chairman and Chief Executive Officer at AMETEK · Experience: AMETEK · Education: Carnegie Mellon University - Tepper School of Business · Location: Berwyn ...,positive
serp_results,983c8881-e71f-4be4-bfeb-f6e981f01f69,2026-04-02 00:00:00+00:00,https://www.linkedin.com/in/tony-thene-8183a943,Tony Thene - Chief Executive Officer at Carpenter ...,Chairman of the Board and Chief Executive Officer. Carpenter Technology Corporation. Oct 2025 - Present 6 months ; President and Chief Executive Officer.,positive
serp_results,0d169d81-072f-4ed3-9025-99b54a28ccbf,2026-04-07 00:00:00+00:00,https://en.wikipedia.org/wiki/Parker_Hannifin,Parker Hannifin,"Parker Hannifin Corporation, originally Parker Appliance Company, usually referred to as just Parker, is an American corporation specializing in motion and ...",neutral
serp_results,9ccb7042-26f2-4f2f-ae75-46de06845b1e,2026-04-03 00:00:00+00:00,https://www.aosmithatlowes.com/,Signature Series® Water Heaters Electric & Gas | A. O. Smith,"Learn about Signature Series® water heaters from A. O. Smith. Find out which filter you need, register your product or research water heaters before ...",positive
serp_results,70b4613f-c1c7-41b0-9f67-ebfb55db4658,2026-04-08 00:00:00+00:00,https://www.forbes.com/companies/emerson-electric/,Emerson Electric - EMR,Emerson Electric Co. engages in the provision of measurement and analytical instrumentation; industrial valves & equipment; process control ...,neutral
serp_results,129774b3-cb4b-44ce-a3a3-2a178ad5ed93,2026-04-05 00:00:00+00:00,https://www.statnews.com/status-list/2025/david-ricks/,"David Ricks, CEO of Eli Lilly, named to STATUS List 2025","David Ricks is CEO of Eli Lilly, the most valuable drugmaker in the world by market cap and a company on course to become the first $1 trillion pharma firm.",neutral
serp_results,141f8078-a54d-42f2-82cd-dcaaa76ec645,2026-04-03 00:00:00+00:00,https://www.pginvestor.com/overview/default.aspx,Procter & Gamble Investor Relations,"We are the people behind the brands you trust, and we're committed to making peoples' lives better in small but meaningful ways, every day.",positive
serp_results,150b22c3-ad93-4e03-94e3-24b5d4b75a96,2026-03-31 00:00:00+00:00,https://www.linkedin.com/company/bose-corporation,Bose Corporation,"Bose Corporation was founded in 1964 by Dr. Amar G. Bose, then a professor of electrical engineering at the Massachusetts Institute of Technology.",positive
serp_results,1ca98bfd-7cbe-4382-91c9-5d0c989c4709,2026-04-06 00:00:00+00:00,https://www.bloomberg.com/profile/person/18036908,"Ken Lane, Olin Corp: Profile and Biography","Ken Lane is President/CEO at Olin Corp. See Ken Lane's compensation, career history, education, & memberships.",neutral
serp_results,b0139db0-8e8e-488a-8218-67bb16cce92d,2026-03-29 00:00:00+00:00,https://www.gibsondunn.com/the-lawyer-examines-gibson-dunns-rapid-expansion-under-leadership-of-barbara-becker/,The Lawyer Examines Gibson Dunn's Rapid Expansion ...,"The Lawyer Examines Gibson Dunn's Rapid Expansion Under Leadership of Barbara Becker. In the Media | January 13, 2026. The Lawyer. Download PDF.",positive
serp_results,395fee2d-a796-4c3f-88dd-d53a90f61b6d,2026-04-07 00:00:00+00:00,https://lng2026.com/speakers/jack-fusco,Jack Fusco,"Jack Fusco serves as Director, President and CEO of Cheniere Energy, Inc., the leading producer of liquefied natural gas in the United States, supplying 11% ...",neutral
serp_results,c847dacf-9182-460a-9d65-267413b15438,2026-03-30 00:00:00+00:00,https://www.tesla.com/elon-musk,Elon Musk,"As the co-founder and CEO of Tesla, Elon leads all product design, engineering and global manufacturing of the company's electric vehicles, battery products ...",positive
serp_results,5de550ee-c2b7-4864-8862-1a65a0a27078,2026-04-09 00:00:00+00:00,https://finance.yahoo.com/quote/DBD/,"Diebold Nixdorf, Incorporated (DBD)","Diebold Nixdorf, Incorporated engages in the automating, digitizing, and transforming the way people bank and shop worldwide.",neutral
serp_results,5b3f3033-0536-4e27-8078-e1227f9da892,2026-04-01 00:00:00+00:00,https://www.msc.com/,MSC: Global Container Shipping Company,MSC is a world leader in global container shipping and a company that prides itself on offering digitized global services with local knowledge. Contact us!,positive
serp_results,4491eb05-4672-4596-b8a9-b28f2661e15b,2026-03-30 00:00:00+00:00,https://investors.wynnresorts.com/corporate-profile,Corporate Profile,"Wynn Palace is a luxury integrated resort in Macau. Designed as a floral-themed destination, it boasts 1,706 exquisite rooms, suites and villas, approximately ...",positive
serp_results,72d7933c-0f66-4218-9df9-b02671e9096d,2026-04-06 00:00:00+00:00,https://www.bloomberg.com/profile/person/19093516,"Jason D Robins, DraftKings Inc: Profile and Biography","Jason D Robins is Chairman/CEO/Co-Founder at DraftKings Inc. See Jason D Robins's compensation, career history, education, & memberships.",neutral
serp_results,8199362c-f6c6-42b2-9846-c1a0c6ad95ae,2026-04-06 00:00:00+00:00,https://finance.yahoo.com/quote/LRCX/,Lam Research Corporation (LRCX),"Lam Research (LRCX) has reported strong fiscal Q2 2026 results, highlighting significant demand for its semiconductor equipment.",neutral
serp_results,b2d724da-621c-4a11-877f-2bb83356bb19,2026-03-28 00:00:00+00:00,https://en.wikipedia.org/wiki/ABC_Supply,ABC Supply,"ABC Supply Co., Inc. is a major, private American roofing supply company based in Beloit, Wisconsin. It also sells windows, gutters, and siding.",neutral
serp_results,7b1ae38d-8638-4a6a-8b65-f5588ceadff9,2026-04-01 00:00:00+00:00,https://investors.esabcorporation.com/governance/board-of-directors/person-details/default.aspx?ItemId=c053c7dc-e2de-48d4-b1f4-4978ed76f348,Shyam P. Kambeyanda,"Shyam P. Kambeyanda is President and CEO of ESAB Corporation and a member of the company's Board of Directors. As the leader of ESAB, Kambeyanda has ...",positive
serp_results,56240af3-ea26-4e8d-8ec7-ef35ba1e080d,2026-03-31 00:00:00+00:00,https://www.shamrockfsw.com/,Shamrock Foodservice Warehouse,Discover top-quality wholesale restaurant food supplies and grocery store essentials at competitive prices. Visit our website today for exclusive deals!,positive
serp_results,f65c4d6a-fe2e-4e2d-a729-974a6be8d3b6,2026-04-09 00:00:00+00:00,https://www.westernmidstream.com/message-from-our-ceo/,Message from Our CEO,"– Oscar Brown, President & CEO. Western Midstream 9950 Woodloch Forest Drive ... Western Midstream Partners, LP K-1 Information. February 18, 2026. WES ...",positive
serp_results,549f69de-3059-4a79-895e-b281d5eaf3ab,2026-04-06 00:00:00+00:00,https://en.wikipedia.org/wiki/Worthington_Enterprises,Worthington Enterprises,"Worthington Enterprises, Inc. (formerly Worthington Industries) is an American industrial manufacturing company headquartered in Columbus, Ohio.",neutral
serp_features,838b9e86-d9a5-4d5e-83db-ef000934b0aa,2026-04-04 00:00:00,"https://www.bloomberg.com/profile/person/5806915#:~:text=Private%20Company-,Terry%20W%20Handley,CEO%2C%20Casey's%20General%20Stores%20Inc",Who was the former CEO of Casey's General Stores?,"Terry W Handley. Former President/CEO, Casey's General Stores Inc.",neutral
serp_features,470673c1-a1c2-41ee-a44d-0858d36a348f,2026-03-30 00:00:00,https://www.marketscreener.com/insider/MARK-TEO-A0JIJQ/,What companies has Mark Teo worked for?,Former positions of Mark Teo,neutral
serp_features,0ed0c5c5-99a5-4dce-9fda-5cace426a182,2026-03-31 00:00:00,"https://www.scrapehero.com/location-reports/Big%20Y-USA/#:~:text=There%20are%2095%20Big%20Y,Y%20stores%20in%20the%20US.",How many locations does Big Y Foods have?,"There are 95 Big Y stores in the United States as of January 15, 2026. The state and territory with the most number of Big Y locations in the US is Massachusetts, with 48 stores, which is about 51% of all Big Y stores in the US.",positive
serp_features,27502b8c-11cc-4be3-945a-c402db576c3f,2026-04-02 00:00:00,"https://en.wikipedia.org/wiki/Koch_network#:~:text=A%20group%20associated%20with%20the,the%20Congress%20and%20Senate%20races.",Did the Koch brothers donate to Trump?,"A group associated with the Kochs announced plans to raise $889 million leading up to the 2016 elections. After the Republican primary, they decided to not donate to Trump's campaign at all, instead focusing on the Congress and Senate races.",neutral
serp_features,dda852ce-7843-486c-bbb9-c04f3cdaf72f,2026-03-28 00:00:00,https://www.youtube.com/watch?v=z9qQU0Xp4tc,Andrew Cherng | How Panda Restaurant Group Became the ...,,neutral
serp_features,1d7bdc9f-8c40-4e1f-a49d-7b55d6685a82,2026-03-28 00:00:00,https://www.youtube.com/watch?v=V3Iotod2RKU,Why So Many CEOs Come From McKinsey,,neutral
serp_features,11919063-641c-4bb8-807e-3eed0d58670a,2026-04-07 00:00:00,,Who took over student loans for Navient?,,neutral
serp_features,3ac582f8-a81c-4693-b299-0eca7ba806ac,2026-03-29 00:00:00,https://www.facebook.com/DieboldNixdorf/videos/seamless-maintenance-and-support-with-diebold-nixdorf/1164476975472510/,We are redefining excellence in retail with our proactive ... by Diebold Nixdorf on Facebook. Play on Facebook. 0:59,,positive
serp_features,e154fd95-7190-4db9-95f3-1d8cb1725ede,2026-04-04 00:00:00,,What is the IDEXX controversy?,,negative
serp_features,015fda1b-ab32-46ea-b97b-a9b0d811fe99,2026-04-10 00:00:00,"https://corporate.exxonmobil.com/locations/united-states#:~:text=Today%2C%20Exxon%20Mobil%20Corporation%20is,the%20largest%20in%20the%20world.",Is ExxonMobil still a company?,"Today, Exxon Mobil Corporation is one of the largest publicly traded international oil and gas companies and holds an industry-leading inventory of resources. We are also the largest refiner and marketer of petroleum products, and our chemical company is one of the largest in the world.",positive
serp_features,1715ff15-2856-4766-bc60-33ef26f3a30e,2026-03-31 00:00:00,https://www.instagram.com/reel/DTbMMqAkoY0/,"Newrez on Instagram: ""Behind every home is a story, and we ... by Newrez on Instagram. Play on Instagram. 0:48",,positive
serp_features,52d6ec35-c1d2-4e34-8c50-f10abf39694b,2026-04-10 00:00:00,https://www.youtube.com/watch?v=SXd6SSr8LCg,"Freeport-McMoRan great way to play copper demand, says ...",,positive
serp_features,a6f34acb-ff0c-4bc8-99c7-dce11b200c77,2026-03-28 00:00:00,https://www.youtube.com/watch?v=A6bSrGy7OeI,MWC26: Qualcomm CEO Cristiano Amon on Architecting 6G ...,,neutral
serp_features,97f23400-430b-4fa6-9d70-8c23b7e4dd4f,2026-04-07 00:00:00,"https://www.stocktitan.net/sec-filings/VMC/8-k-a-vulcan-materials-co-amends-material-event-report-6853f5ab66a0.html#:~:text=How%20is%20the%20new%20CEO,all%20effective%20January%201%2C%202026.",How much does the CEO of Vulcan Materials make?,"How is the new CEO of Vulcan Materials (VMC) being compensated? As CEO, Ronnie A. Pruitt will receive an annual base salary of $1,000,000, a target short-term incentive of 135% of base salary, and a target long-term incentive of 700% of base salary, all effective January 1, 2026.",negative
serp_features,26e29e3f-eef4-4d67-aaa3-6de914f78dc1,2026-03-27 00:00:00,"https://public.com/stocks/vlo/forecast-price-target#:~:text=Should%20I%20buy%20or%20sell,investment%20advice%20from%20Public.com.",Is Valero Energy a good stock?,"Should I buy or sell Valero Energy (VLO) stock? According to 15 analysts, Valero Energy (VLO) has a Buy consensus rating as of Mar 21, 2026. This rating is provided by third-party analysts and is not investment advice from Public.com.",neutral
serp_features,50f70379-ebee-45fa-87e5-1615aa8bbe7e,2026-03-30 00:00:00,"https://vernonproper.com/what-guess-inc-s-deal-with-authentic-brands-means-for-la-fashion/#:~:text=The%20deal%20valued%20Guess%20at,PHOTO%20BY%20VERNON%20PROPER.",What Guess Inc.’s Deal with Authentic Brands Means for LA Fashion,"Aug 22, 2025 — The deal valued Guess at $1.4 billion value. Authentic Brands, a New York brand management firm that's rapidly scaled by purchasin...",positive
serp_features,d2ca2566-2d0d-47e1-9615-ca4dfe2b67ae,2026-03-29 00:00:00,"https://www.schnepsmedia.com/qns/erik-gershwind/#:~:text=Erik%20Gershwind%20has%20served%20as,industrial%20customers%20throughout%20North%20America.",Who is Erik Gershwind CEO?,"Erik Gershwind has served as president and chief executive officer of MSC Industrial Supply Co. since 2013. MSC is a premier distributor of metalworking and maintenance, repair and operations (MRO) products and services to industrial customers throughout North America.",neutral
serp_features,323a4341-aa07-4bae-986e-cc47ac5026c8,2026-03-30 00:00:00,https://www.instagram.com/reel/DTazzMZgh37/?hl=en,"Our CEO David Baszucki shares how new AI world models could help enhance creators' vision, making it easier to build higher-quality experiences, shape worlds intuitively, create smarter NPCs, and turn ideas into shared experiences faster.",,neutral
serp_features,b2cb4818-9d75-4215-8a8b-f6d8cf7061b9,2026-04-09 00:00:00,"https://en.wikipedia.org/wiki/Worthington_Enterprises#:~:text=Worthington%20Enterprises%2C%20Inc.,consumer%20products%20and%20building%20products.",What kind of company is Worthington Enterprises?,"Worthington Enterprises, Inc. (formerly Worthington Industries) is an American industrial manufacturing company headquartered in Columbus, Ohio. The company is composed of two business segments, consumer products and building products.",neutral
serp_features,84689048-bd76-44a0-a809-152a714daece,2026-03-29 00:00:00,https://finance.yahoo.com/quote/AMKR/,"Amkor Technology, Inc. (AMKR) Stock Price, News, Quote & History","It offers turnkey packaging and test services, including semiconductor wafer bump, wafer probe, wafer back-grind, package design, ...",negative
serp_features,e36aae46-f873-464a-b092-4cb69e0e4ef6,2026-03-31 00:00:00,"https://simplywall.st/stocks/us/consumer-retailing/nyse-usfd/us-foods-holding/management#:~:text=US%20Foods%20Holding%20Management&text=US%20Foods%20Holding's%20CEO%20is,company's%20shares%2C%20worth%20%2422.13M.",What does the CEO of US Foods make?,"US Foods Holding Management US Foods Holding's CEO is Dave Flitman, appointed in Jan 2023, has a tenure of 3.17 years. total yearly compensation is $11.25M, comprised of 11.6% salary and 88.4% bonuses, including company stock and options. directly owns 0.11% of the company's shares, worth $22.13M.",neutral
serp_features,ef0f5c37-ea47-4d60-9b16-1612a30e4542,2026-04-03 00:00:00,https://www.youtube.com/watch?v=JD5zwKG7j-k,John Morris His Story (USA / Bass Pro Shops Founder),,neutral
serp_features,dbf2c6e1-9b1f-4c9b-ad03-613da324a98e,2026-04-07 00:00:00,"https://msfrank.com/products/flowserve-seals/#:~:text=Flowserve%20provides%20sealing%20solutions%20as%20a%20single,mechanical%20seal%20selection%20can%20reduce%20operating%20costs",Flowserve Seals,Flowserve provides sealing solutions as a single resource for the improvement of end user rotating equipment operations to satisfy...,positive
serp_features,bde339fd-f0a9-4783-b84f-b0cd858a4936,2026-04-09 00:00:00,"https://www.salesforce.com/news/marc-benioff/#:~:text=Benioff%20founded%20Salesforce%20in%201999,%2C%20innovation%2C%20equality%20and%20sustainability.",Did Marc Benioff start Salesforce?,"Benioff founded Salesforce in 1999, and it is now a Fortune 150 company with 70,000+ employees, guided by five core values — trust, customer success, innovation, equality and sustainability.",positive
serp_features,64c7ceb8-fe28-4f46-99fb-d8d75988fd10,2026-04-09 00:00:00,https://www.linkedin.com/posts/bakerhughes_bham2026-theenergyequation-sustainableenergy-activity-7417318550060576768-VvqL,"The world is accelerating, demanding greater productivity, higher quality, and faster outcomes. Meeting this rising demand requires energy that is reliable, lower‑carbon, and increasingly efficient. Industrial outcomes and energy sources are inseparable. The fu",,positive
serp_features,ac814625-cbab-4bad-8dc1-b7b57476a9de,2026-04-08 00:00:00,https://www.youtube.com/watch?v=oGro1wosIPE,Executive Insights with CRC's Francisco Leon | The California ...,,neutral
serp_features,ccb2d27a-ee5f-472b-861b-daf9d7db7e6d,2026-04-06 00:00:00,,What does snowflake mean on CPAP?,,neutral
serp_features,17858e85-3fed-4b99-9ba7-589e5c6aad27,2026-03-30 00:00:00,"https://www.honeywell.com/us/en/company/leadership/vimal-kapur#:~:text=Chairman%20and%20Chief%20Executive%20Officer&text=Bringing%20nearly%20four%20decades%20of,and%20COO%20of%20the%20company.",Who is Vimal Kapur Honeywell CEO and chairman?,"Chairman and Chief Executive Officer Bringing nearly four decades of deep automation and global industry experience, Vimal will continue to lead Honeywell as Chairman and CEO following the separation. He became CEO in 2023 and Chairman in 2024, previously serving as President and COO of the company.",positive
serp_features,4a290f10-356e-4ac2-ad78-a380f6a24c31,2026-04-10 00:00:00,https://www.youtube.com/watch?v=L7Ry8k5f1wY,Leadership Lecture Series Russell Becker,,neutral
serp_features,81a96092-5664-4c57-a1ff-aa9c8a412b98,2026-03-29 00:00:00,https://finance.yahoo.com/quote/FTNT/,"Fortinet, Inc. (FTNT) Stock Price, News, Quote & History - Yahoo Finance","Bid 78.15 x 1100. Ask 78.74 x 1100. Day's Range 76.42 - 79.69. 52 Week Range 70.12 - 109.33. Avg. Volume 6,688,654. Market Cap (in...",neutral
serp_features,0dd14907-f622-4d25-8565-40355db9ed4e,2026-04-06 00:00:00,"https://en.wikipedia.org/wiki/PennyMac_Financial_Services#:~:text=Pennymac%20was%20founded%20in%202008,BlackRock%20and%20Highfields%20Capital%20Management.",Who is PennyMac backed by?,"Pennymac was founded in 2008 (during the subprime mortgage crisis) by Stanford Kurland, the former President of Countrywide Financial, with financial support from BlackRock and Highfields Capital Management.",negative
serp_features,844bd9c4-a06b-4068-8c66-f1dc67017a19,2026-04-04 00:00:00,https://investors.troweprice.com/management-committee/rob-sharps,"Robert Sharps | Management Committee | T. Rowe Price Group, Inc.","Rob was head of Investments and group chief investment officer from 2017 to 2021. In February 2021, he became president of Price G...",positive
serp_features,1e7312e7-8106-42cb-a52d-f9a53eff4c93,2026-04-02 00:00:00,https://www.cencora.com/,Cencora: Creating healthier futures,"Your partner for elevated patient care. We can help you expand how you care for patients, streamline your operations, and maximize...",positive
serp_features,8c076100-7db2-49b9-97ca-2c2f7e34c3a2,2026-04-10 00:00:00,,What channels do you get for free with Roku?,,positive
serp_features,435226fd-a3e5-49f1-a74a-73568a162d5d,2026-04-03 00:00:00,https://www.youtube.com/shorts/du4vR31VZDM,AD #McDonaldsPartner The ultimate battle of the fans with @McDonalds new LTO Meals! @Netflix,,negative
serp_features,228783f7-e40f-4d4f-a92f-c97172e038cb,2026-04-10 00:00:00,"https://www.mkdesignandbuild.com/can-you-build-a-house-for-100k-2025/#:~:text=%F0%9F%94%B9%20What%20Kind%20of%20House,or%20simple%20ranch%2Dstyle%20houses.","What size house can you build with $100,000?","🔹 What Kind of House Can You Build for $100K? ✅ Small Homes (500-1,000 sq. ft.) – Tiny homes, cabins, or simple ranch-style houses.",positive
serp_features,f040b70e-26c6-4170-ba6a-5aba92213a00,2026-03-29 00:00:00,https://www.facebook.com/fox29philadelphia/posts/the-pennsylvania-public-utility-commission-has-filed-a-formal-safety-complaint-a/1384799097015882/,"The Pennsylvania Public Utility Commission has filed a formal safety complaint against UGI Utilities following a 2023 natural gas explosion at the R.M. Palmer chocolate factory in West Reading that killed seven workers, seeking $2.57 million in penalties and",,negative
serp_features,da81c9f7-b834-43db-b182-053e3632f93c,2026-03-28 00:00:00,,Is BTU a buy or sell?,,neutral
serp_features,43e589a6-470d-4cb9-9033-de42a2cb9c0d,2026-04-07 00:00:00,"https://blackhawknetwork.com/lets-talk/faq#:~:text=Why%20did%20I%20receive%20this,is%20not%20shared%20with%20us.",Why did I receive a gift card from Blackhawk Network?,"Why did I receive this card? Many companies use Blackhawk Network to purchase reward or incentive cards for their employees, clients or customers. The specific reason why the reward or incentive card was purchased for you is not shared with us.",positive
serp_features,50b6ba9d-34d8-4856-b09e-1ccc7e325cc3,2026-03-28 00:00:00,"https://ziploc.com.my/en-my/our-story#:~:text=Ziploc%C2%AE%20is%20a%20proud,of%20the%20people%20around%20us.",Does SC Johnson own Ziploc?,"Ziploc® is a proud member of the SC Johnson family of brands. Since 1886, SC Johnson has been guided by our commitment to keep earning the goodwill of the people around us.",positive
serp_features,3ebbb96c-45b7-447b-9ad4-9818bfeeeb16,2026-04-04 00:00:00,https://www.instagram.com/reel/DV-Rh_mEt2o/,"mostmemorablemedia on Instagram: ""The Cheesecake ... by mostmemorablemedia on Instagram. Play on Instagram. 0:35",,positive
serp_features,b82a7208-49bd-4d57-9622-f298cf18ac5b,2026-04-10 00:00:00,https://www.youtube.com/watch?v=_EB633NehV8,My FIRST TIME at Ingles Grocery Store! (I am IMPRESSED),,positive
serp_features,c119aa19-4a02-4f15-8876-4bf0c3dac51f,2026-03-28 00:00:00,https://www.google.com/search?sca_esv=8382a0438d800e4e&hl=en&gl=us&udm=50&q=What+does+Stagwell+do%3F+Tell+me+about+their+digital+transformation+services&aep=64&sa=X&ved=2ahUKEwj1367dkMKTAxVRMlkFHULXDk4Qy8AQKAB6BAggEAc,What does Stagwell do?,,neutral
serp_features,ea39db1a-4653-4d22-80c6-aa9421dd7f66,2026-04-02 00:00:00,"https://www.knighttrans.com/about-us/#:~:text=In%202017%2C%20Knight%20Transportation%20(NYSE,America's%20largest%20full%20truckload%20company.",Did Swift buy out Knight Transportation?,"In 2017, Knight Transportation (NYSE:KNX) merged with Swift Transportation (NYSE:SWFT) in an all-stock transaction resulting in Knight-Swift Transportation Holdings Inc. and becoming North America's largest full truckload company.",positive
serp_features,93ff7c9f-6e19-4dbd-8f72-0453295b41a3,2026-03-29 00:00:00,"https://www.businessroundtable.org/about-us/members/rick-lanoha#:~:text=Rick%20Lanoha%20is%20president%20and,board%20of%20directors%20in%202009.",Who is Rick Lanoha CEO of Kiewit?,Rick Lanoha is president and chief executive officer of Kiewit Corporation. Rick is also a member of Kiewit's Executive Leadership Committee and was elected to the board of directors in 2009.,neutral
serp_features,35b7b143-d598-4460-8fee-09e90b897846,2026-04-05 00:00:00,https://www.youtube.com/watch?v=KkyMhCSYDGo,"Mike Simonds, CEO of TriNet, Celebrates the Company ...",,positive
serp_features,ed1437b2-343c-40a9-a112-62b67b8dbaed,2026-04-07 00:00:00,https://www.facebook.com/NYSE/videos/we-talk-with-topgolf-callaway-brands-ceo-chip-brewer-after-ringing-the-opening-b/405580425017646/,We talk with Topgolf Callaway Brands CEO Chip Brewer after ...,"Sep 9, 2022 — and that uh you know we're pretty optimistic regarding the future of this business and and the sport in. general all right now you...",positive
serp_features,1575807c-a0d4-4bbf-a1ad-41f92a9a347c,2026-04-08 00:00:00,https://x.com/sumitkbehal/status/2041715655834017913?ref_src=twsrc%5Egoogle%7Ctwcamp%5Eserp%7Ctwgr%5Etweet,BlackRock is now offering iShares MSCI Ayatollah ETF for investors seeking exposure to Iran in portfolios Iran’s strong response to U.S. threats is encouraging global investors to go long on Iran’s economy and benefit from war You should never let a serious crisis go to waste,,negative
serp_features,4b9a65ea-f8a6-4375-9984-c94c4854883d,2026-04-03 00:00:00,https://www.instagram.com/p/DVzugSnFIOa/,"Keep it going 🤣👇 The internet wants more CEO taste tests after McDonald’s CEO Chris Kempczinski went viral for taking the world’s smallest bite of a Big Arch burger. His awkward video showing him referring to the burger as a “product” and barely making a dent sparked a wave of response videos from Burger King, Wendy’s, A&W, and KFC executives all eating their own burgers on camera. Suddenly executives from multiple chains were posting taste tests like it was a competitive sport. Now the internet’s demanding more CEO challenges. People online are asking for the CEO of Planet Fitness to try canceling his own gym membership, the CEO of Comcast to navigate their customer service phone tree, and the CEO of Spirit Airlines to fly economy. The trend taps into frustration with companies that create products or services their own leadership wouldn’t actually use. McDonald’s confirmed early sales for the Big Arch burger are beating expectations following the viral video, and Kempczinski’s fo",,negative
serp_features,e54604ad-c19b-4822-8293-7b465f0f46e0,2026-04-09 00:00:00,https://matrixbcg.com/blogs/growth-strategy/greatamericanoutdoorsgroup,What is Growth Strategy and Future Prospects of Great American ...,Projected stability and targeted investments support the group's growth strategy and future prospects in the recreational equipmen...,positive
